client_code,product,push_notification
1,–ö—Ä–µ–¥–∏—Ç–Ω–∞—è –∫–∞—Ä—Ç–∞,"–£–≤–∞–∂–∞–µ–º–∞—è –ê–π–≥–µ—Ä–∏–º, —Å –Ω–∞—à–µ–π –∫—Ä–µ–¥–∏—Ç–Ω–æ–π –∫–∞—Ä—Ç–æ–π –≤—ã –º–æ–∂–µ—Ç–µ –≤–µ—Ä–Ω—É—Ç—å –¥–æ 10% –∫–µ—à–±—ç–∫–∞ –Ω–∞ –ª—é–±–∏–º—ã–µ –∫–∞—Ç–µ–≥–æ—Ä–∏–∏: –ø—Ä–æ–¥—É–∫—Ç—ã, –∫–∞—Ñ–µ –∏ –ø—É—Ç–µ—à–µ—Å—Ç–≤–∏—è. –°—ç–∫–æ–Ω–æ–º—å—Ç–µ –¥–æ 64 000 ‚Ç∏ –≤ –º–µ—Å—è—Ü! –û—Ñ–æ—Ä–º–∏—Ç–µ –∫–∞—Ä—Ç—É –∏ –Ω–∞—Å–ª–∞–∂–¥–∞–π—Ç–µ—Å—å –≤—ã–≥–æ–¥–æ–π! üåü"
2,–ö—Ä–µ–¥–∏—Ç–Ω–∞—è –∫–∞—Ä—Ç–∞,"–£–≤–∞–∂–∞–µ–º—ã–π –î–∞–Ω–∏—è—Ä, —Ä–∞–¥—É–µ–º, —á—Ç–æ —Å –Ω–∞—à–µ–π –∫—Ä–µ–¥–∏—Ç–Ω–æ–π –∫–∞—Ä—Ç–æ–π –≤—ã –º–æ–∂–µ—Ç–µ –ø–æ–ª—É—á–∞—Ç—å –¥–æ 69 000 ‚Ç∏ –∫–µ—à–±—ç–∫–∞ –Ω–∞ –ª—é–±–∏–º—ã–µ –∫–∞—Ç–µ–≥–æ—Ä–∏–∏, —Ç–∞–∫–∏–µ –∫–∞–∫ –ø—Ä–æ–¥—É–∫—Ç—ã –ø–∏—Ç–∞–Ω–∏—è –∏ —Ä–µ—Å—Ç–æ—Ä–∞–Ω—ã. –û—Ç–∫—Ä–æ–π—Ç–µ –∫–∞—Ä—Ç—É –∏ –≤–æ—Å–ø–æ–ª—å–∑—É–π—Ç–µ—Å—å –≤—ã–≥–æ–¥–æ–π!"
3,–ö—Ä–µ–¥–∏—Ç–Ω–∞—è –∫–∞—Ä—Ç–∞,"–£–≤–∞–∂–∞–µ–º–∞—è –°–∞–±–∏–Ω–∞, –≤—ã —á–∞—Å—Ç–æ —Ç—Ä–∞—Ç–∏—Ç–µ –Ω–∞ –ø—Ä–æ–¥—É–∫—Ç—ã, –∫–∞—Ñ–µ –∏ —Ç–∞–∫—Å–∏. –ü–æ–ª—É—á–∞–π—Ç–µ –¥–æ 47 000 ‚Ç∏ –∫–µ—à–±—ç–∫–∞ –≤ –º–µ—Å—è—Ü –∏ –≤–æ—Å–ø–æ–ª—å–∑—É–π—Ç–µ—Å—å —Ä–∞—Å—Å—Ä–æ—á–∫–æ–π –±–µ–∑ –ø–µ—Ä–µ–ø–ª–∞—Ç. –û—Ç–∫—Ä–æ–π—Ç–µ –∫—Ä–µ–¥–∏—Ç–Ω—É—é –∫–∞—Ä—Ç—É –∏ —ç–∫–æ–Ω–æ–º—å—Ç–µ! üòä"
4,–ö—Ä–µ–¥–∏—Ç–Ω–∞—è –∫–∞—Ä—Ç–∞,"–£–≤–∞–∂–∞–µ–º—ã–π –¢–∏–º—É—Ä, –≤—ã –º–æ–∂–µ—Ç–µ –∑–∞—Ä–∞–±–∞—Ç—ã–≤–∞—Ç—å –¥–æ 62 000 ‚Ç∏ –≤ –º–µ—Å—è—Ü –Ω–∞ —Å–≤–æ–∏—Ö –ª—é–±–∏–º—ã—Ö –ø–æ–∫—É–ø–∫–∞—Ö: –ø—Ä–æ–¥—É–∫—Ç—ã, –∫–∞—Ñ–µ –∏ —Ç–∞–∫—Å–∏. –ü—Ä–∏—Å–æ–µ–¥–∏–Ω—è–π—Ç–µ—Å—å –∫ –Ω–∞–º –∏ –æ—Ñ–æ—Ä–º–∏—Ç–µ –∫—Ä–µ–¥–∏—Ç–Ω—É—é –∫–∞—Ä—Ç—É –¥–ª—è –ø–æ–ª—É—á–µ–Ω–∏—è –∫–µ—à–±—ç–∫–∞! üí≥"
5,–ö—Ä–µ–¥–∏—Ç–Ω–∞—è –∫–∞—Ä—Ç–∞,"–£–≤–∞–∂–∞–µ–º–∞—è –ö–∞–º–∏–ª–ª–∞, –≤—ã –º–æ–∂–µ—Ç–µ –ø–æ–ª—É—á–∞—Ç—å –¥–æ 65 000 ‚Ç∏ –∫–µ—à–±—ç–∫–∞ –Ω–∞ —Å–≤–æ–∏ –ª—é–±–∏–º—ã–µ –∫–∞—Ç–µ–≥–æ—Ä–∏–∏: –ø—Ä–æ–¥—É–∫—Ç—ã, –∫–∞—Ñ–µ –∏ —Ç–∞–∫—Å–∏. –û—Ñ–æ—Ä–º–∏—Ç–µ –∫—Ä–µ–¥–∏—Ç–Ω—É—é –∫–∞—Ä—Ç—É –∏ –≤–æ—Å–ø–æ–ª—å–∑—É–π—Ç–µ—Å—å –≤—ã–≥–æ–¥–∞–º–∏ —É–∂–µ —Å–µ–≥–æ–¥–Ω—è! üçΩÔ∏è –ü–æ–¥—Ä–æ–±–Ω–æ—Å—Ç–∏ –≤ –ø—Ä–∏–ª–æ–∂–µ–Ω–∏–∏."
6,–ö—Ä–µ–¥–∏—Ç–Ω–∞—è –∫–∞—Ä—Ç–∞,"–£–≤–∞–∂–∞–µ–º—ã–π –ê—è–Ω, –≤—ã —Ç—Ä–∞—Ç–∏—Ç–µ –Ω–∞ –ø—Ä–æ–¥—É–∫—Ç—ã, –∫–∞—Ñ–µ –∏ —Ç–∞–∫—Å–∏, –∑–∞ —á—Ç–æ –º–æ–∂–µ—Ç–µ –ø–æ–ª—É—á–∏—Ç—å –¥–æ 69 000 ‚Ç∏ –∫–µ—à–±—ç–∫–∞ –≤ –º–µ—Å—è—Ü. –ö—Ä–æ–º–µ —Ç–æ–≥–æ, —É –Ω–∞—Å –µ—Å—Ç—å —Ä–∞—Å—Å—Ä–æ—á–∫–∞ –±–µ–∑ –ø–µ—Ä–µ–ø–ª–∞—Ç. –û—Ç–∫—Ä–æ–π—Ç–µ –∫—Ä–µ–¥–∏—Ç–Ω—É—é –∫–∞—Ä—Ç—É –∏ —ç–∫–æ–Ω–æ–º—å—Ç–µ! üòä"
7,–ö—Ä–µ–¥–∏—Ç–Ω–∞—è –∫–∞—Ä—Ç–∞,"–£–≤–∞–∂–∞–µ–º—ã–π –†—É—Å–ª–∞–Ω, –Ω–∞–∫–æ–ø–ª–µ–Ω–Ω—ã–π –∫–µ—à–±—ç–∫ –≤ 71 000 ‚Ç∏ –∑–∞ –º–µ—Å—è—Ü ‚Äî –æ—Ç–ª–∏—á–Ω—ã–π —Å–ø–æ—Å–æ–± —Å—ç–∫–æ–Ω–æ–º–∏—Ç—å –Ω–∞ –ø—Ä–æ–¥—É–∫—Ç–∞—Ö, –∫–∞—Ñ–µ –∏ –∫–æ—Å–º–µ—Ç–∏–∫–µ. –û—Ñ–æ—Ä–º–∏—Ç–µ –∫—Ä–µ–¥–∏—Ç–Ω—É—é –∫–∞—Ä—Ç—É –∏ –Ω–∞—Å–ª–∞–∂–¥–∞–π—Ç–µ—Å—å –≤—ã–≥–æ–¥–Ω—ã–º–∏ –ø–æ–∫—É–ø–∫–∞–º–∏! üåü"
8,–ö—Ä–µ–¥–∏—Ç–Ω–∞—è –∫–∞—Ä—Ç–∞,"–£–≤–∞–∂–∞–µ–º–∞—è –ú–∞–¥–∏–Ω–∞, —Å –∫—Ä–µ–¥–∏—Ç–Ω–æ–π –∫–∞—Ä—Ç–æ–π –≤—ã –º–æ–∂–µ—Ç–µ –≤–µ—Ä–Ω—É—Ç—å –¥–æ 88 000 ‚Ç∏ –≤ –º–µ—Å—è—Ü –Ω–∞ –ø—Ä–æ–¥—É–∫—Ç—ã, –∫–æ—Å–º–µ—Ç–∏–∫—É –∏ –∫–∞—Ñ–µ. –ö—Ä–æ–º–µ —Ç–æ–≥–æ, –¥–æ—Å—Ç—É–ø–Ω–∞ —Ä–∞—Å—Å—Ä–æ—á–∫–∞ –±–µ–∑ –ø–µ—Ä–µ–ø–ª–∞—Ç. –û—Ç–∫—Ä–æ–π—Ç–µ –∫–∞—Ä—Ç—É –∏ –Ω–∞—á–Ω–∏—Ç–µ —ç–∫–æ–Ω–æ–º–∏—Ç—å! üåü"
9,–ö—Ä–µ–¥–∏—Ç–Ω–∞—è –∫–∞—Ä—Ç–∞,"–£–≤–∞–∂–∞–µ–º—ã–π –ê—Ä–º–∞–Ω, —É –≤–∞—Å –µ—Å—Ç—å –≤–æ–∑–º–æ–∂–Ω–æ—Å—Ç—å –ø–æ–ª—É—á–∞—Ç—å –¥–æ 77 000 ‚Ç∏ –∫–µ—à–±—ç–∫–∞ –≤ –º–µ—Å—è—Ü –Ω–∞ –ª—é–±–∏–º—ã–µ –∫–∞—Ç–µ–≥–æ—Ä–∏–∏: –ø—Ä–æ–¥—É–∫—Ç—ã, –∫–æ—Å–º–µ—Ç–∏–∫—É –∏ –∫–∞—Ñ–µ. –û—Ç–∫—Ä–æ–π—Ç–µ –∫—Ä–µ–¥–∏—Ç–Ω—É—é –∫–∞—Ä—Ç—É –∏ –Ω–∞—Å–ª–∞–∂–¥–∞–π—Ç–µ—Å—å –≤—ã–≥–æ–¥–∞–º–∏. üí≥ –ü–æ–¥—Ä–æ–±–Ω–æ—Å—Ç–∏ –≤ –ø—Ä–∏–ª–æ–∂–µ–Ω–∏–∏."
10,–ö—Ä–µ–¥–∏—Ç–Ω–∞—è –∫–∞—Ä—Ç–∞,"–£–≤–∞–∂–∞–µ–º–∞—è –ö–∞—Ä–∏–Ω–∞, –≤—ã –∞–∫—Ç–∏–≤–Ω–æ —Ç—Ä–∞—Ç–∏—Ç–µ –Ω–∞ –ø—Ä–æ–¥—É–∫—Ç—ã –ø–∏—Ç–∞–Ω–∏—è, –∫–æ—Å–º–µ—Ç–∏–∫—É –∏ –∫–∞—Ñ–µ. –ü–æ–ª—É—á–∞–π—Ç–µ –¥–æ 79 000 ‚Ç∏ –∫–µ—à–±—ç–∫–∞ –≤ –º–µ—Å—è—Ü –∏ –≤–æ—Å–ø–æ–ª—å–∑—É–π—Ç–µ—Å—å —Ä–∞—Å—Å—Ä–æ—á–∫–æ–π –±–µ–∑ –ø–µ—Ä–µ–ø–ª–∞—Ç. –û—Ç–∫—Ä–æ–π—Ç–µ –∫—Ä–µ–¥–∏—Ç–Ω—É—é –∫–∞—Ä—Ç—É —É–∂–µ —Å–µ–≥–æ–¥–Ω—è! üåü"
11,–ö—Ä–µ–¥–∏—Ç–Ω–∞—è –∫–∞—Ä—Ç–∞,"–£–≤–∞–∂–∞–µ–º—ã–π –ë–∞—É—Ä–∂–∞–Ω, –≤—ã –º–æ–∂–µ—Ç–µ –ø–æ–ª—É—á–∞—Ç—å –¥–æ 81 000 ‚Ç∏ –∫–µ—à–±—ç–∫–∞ –∫–∞–∂–¥—ã–π –º–µ—Å—è—Ü –Ω–∞ –ø–æ–∫—É–ø–∫–∏ –≤ –∫–∞—Ç–µ–≥–æ—Ä–∏—è—Ö: –ø—Ä–æ–¥—É–∫—Ç—ã –ø–∏—Ç–∞–Ω–∏—è, –∫–æ—Å–º–µ—Ç–∏–∫–∞ –∏ –∫–∞—Ñ–µ. –û—Ñ–æ—Ä–º–∏—Ç–µ –∫—Ä–µ–¥–∏—Ç–Ω—É—é –∫–∞—Ä—Ç—É –∏ –≤–æ—Å–ø–æ–ª—å–∑—É–π—Ç–µ—Å—å –≤—ã–≥–æ–¥–æ–π. üåü"
12,–ö—Ä–µ–¥–∏—Ç–Ω–∞—è –∫–∞—Ä—Ç–∞,"–£–≤–∞–∂–∞–µ–º–∞—è –ñ–∞–Ω–∞—Ä, —Å –Ω–∞—à–µ–π –∫—Ä–µ–¥–∏—Ç–Ω–æ–π –∫–∞—Ä—Ç–æ–π –≤—ã –º–æ–∂–µ—Ç–µ –ø–æ–ª—É—á–∞—Ç—å –¥–æ 66 000 ‚Ç∏ –∫–µ—à–±—ç–∫–∞ –Ω–∞ –ø–æ–∫—É–ø–∫–∏ –≤ –ª—é–±–∏–º—ã—Ö –∫–∞—Ç–µ–≥–æ—Ä–∏—è—Ö. –¢–∞–∫–∂–µ –¥–æ—Å—Ç—É–ø–Ω–∞ —Ä–∞—Å—Å—Ä–æ—á–∫–∞ –±–µ–∑ –ø–µ—Ä–µ–ø–ª–∞—Ç. –û—Ñ–æ—Ä–º–ª—è–π—Ç–µ –∫–∞—Ä—Ç—É –∏ —ç–∫–æ–Ω–æ–º—å—Ç–µ! üí≥"
13,–ö—Ä–µ–¥–∏—Ç–Ω–∞—è –∫–∞—Ä—Ç–∞,"–£–≤–∞–∂–∞–µ–º–∞—è –ê–ª–∏–Ω–∞, —Å –∫—Ä–µ–¥–∏—Ç–Ω–æ–π –∫–∞—Ä—Ç–æ–π –≤—ã –ø–æ–ª—É—á–∏—Ç–µ –¥–æ 52 000 ‚Ç∏ –∫–µ—à–±—ç–∫–∞ –Ω–∞ –ø–æ–∫—É–ø–∫–∏ –≤ –ª—é–±–∏–º—ã—Ö –∫–∞—Ç–µ–≥–æ—Ä–∏—è—Ö: –ø—Ä–æ–¥—É–∫—Ç—ã, –∫–∞—Ñ–µ –∏ –æ–Ω–ª–∞–π–Ω-—Å–µ—Ä–≤–∏—Å—ã. –û—Ñ–æ—Ä–º–∏—Ç–µ –∫–∞—Ä—Ç—É –∏ –Ω–∞—á–∏–Ω–∞–π—Ç–µ —ç–∫–æ–Ω–æ–º–∏—Ç—å! üí≥ –ü–æ–¥—Ä–æ–±–Ω–æ—Å—Ç–∏ –≤ –ø—Ä–∏–ª–æ–∂–µ–Ω–∏–∏."
14,–ö—Ä–µ–¥–∏—Ç–Ω–∞—è –∫–∞—Ä—Ç–∞,"–£–≤–∞–∂–∞–µ–º—ã–π –î–∏–∞—Å, —Å –Ω–∞—à–µ–π –∫—Ä–µ–¥–∏—Ç–Ω–æ–π –∫–∞—Ä—Ç–æ–π –≤—ã –ø–æ–ª—É—á–∏—Ç–µ –¥–æ 66 000 ‚Ç∏ –∫–µ—à–±—ç–∫–∞ –≤ –º–µ—Å—è—Ü –Ω–∞ –ª—é–±–∏–º—ã–µ –∫–∞—Ç–µ–≥–æ—Ä–∏–∏: –ü—Ä–æ–¥—É–∫—Ç—ã –ø–∏—Ç–∞–Ω–∏—è, –ö–∞—Ñ–µ –∏ —Ä–µ—Å—Ç–æ—Ä–∞–Ω—ã, –ï–¥–∏–º –¥–æ–º–∞. –û—Ñ–æ—Ä–º–∏—Ç–µ –∫–∞—Ä—Ç—É –∏ –Ω–∞—Å–ª–∞–∂–¥–∞–π—Ç–µ—Å—å –≤—ã–≥–æ–¥–æ–π! üçΩÔ∏è"
15,–ö—Ä–µ–¥–∏—Ç–Ω–∞—è –∫–∞—Ä—Ç–∞,"–£–≤–∞–∂–∞–µ–º–∞—è –ù—É—Ä–∏—è, —Å –≤–∞—à–µ–π –∫—Ä–µ–¥–∏—Ç–Ω–æ–π –∫–∞—Ä—Ç–æ–π –≤—ã –º–æ–∂–µ—Ç–µ –ø–æ–ª—É—á–∏—Ç—å –¥–æ 66 000 ‚Ç∏ –∫–µ—à–±—ç–∫–∞ –Ω–∞ –ø—Ä–æ–¥—É–∫—Ç—ã, –∫–∞—Ñ–µ –∏ –æ–Ω–ª–∞–π–Ω-—Å–µ—Ä–≤–∏—Å—ã. –≠—Ç–æ –æ—Ç–ª–∏—á–Ω–∞—è –≤–æ–∑–º–æ–∂–Ω–æ—Å—Ç—å —ç–∫–æ–Ω–æ–º–∏—Ç—å. –û—Ñ–æ—Ä–º–∏—Ç–µ –∫–∞—Ä—Ç—É –∏ –Ω–∞—Å–ª–∞–∂–¥–∞–π—Ç–µ—Å—å –≤—ã–≥–æ–¥–æ–π! üçΩÔ∏è"
16,–ö—Ä–µ–¥–∏—Ç–Ω–∞—è –∫–∞—Ä—Ç–∞,"–£–≤–∞–∂–∞–µ–º—ã–π –ï—Ä–∞—Å—ã–ª, –≤–∞–º –¥–æ—Å—Ç—É–ø–Ω—ã –¥–æ 50 000 ‚Ç∏ –∫–µ—à–±—ç–∫–∞ –≤ –º–µ—Å—è—Ü –Ω–∞ –ø–æ–∫—É–ø–∫–∏ –≤ –ª—é–±–∏–º—ã—Ö –∫–∞—Ç–µ–≥–æ—Ä–∏—è—Ö ‚Äî –ø—Ä–æ–¥—É–∫—Ç—ã, –∫–∞—Ñ–µ –∏ –¥–æ—Å—Ç–∞–≤–∫–∞ –µ–¥—ã ü•ó. –û—Ñ–æ—Ä–º–∏—Ç–µ –∫—Ä–µ–¥–∏—Ç–Ω—É—é –∫–∞—Ä—Ç—É –∏ –Ω–∞—Å–ª–∞–∂–¥–∞–π—Ç–µ—Å—å –≤—ã–≥–æ–¥–æ–π! –ü–æ–¥—Ä–æ–±–Ω–æ—Å—Ç–∏ –≤ –ø—Ä–∏–ª–æ–∂–µ–Ω–∏–∏."
17,–ö—Ä–µ–¥–∏—Ç–Ω–∞—è –∫–∞—Ä—Ç–∞,"–£–≤–∞–∂–∞–µ–º–∞—è –ñ–∞–Ω–µ–ª—å, –≤—ã–±–∏—Ä–∞—è –∫—Ä–µ–¥–∏—Ç–Ω—É—é –∫–∞—Ä—Ç—É, –≤—ã –º–æ–∂–µ—Ç–µ –ø–æ–ª—É—á–∞—Ç—å –¥–æ 63 000 ‚Ç∏ –∫–µ—à–±—ç–∫–∞ –∫–∞–∂–¥—ã–π –º–µ—Å—è—Ü –Ω–∞ –ø–æ–∫—É–ø–∫–∏ –≤ –ª—é–±–∏–º—ã—Ö –∫–∞—Ç–µ–≥–æ—Ä–∏—è—Ö. –û—Ç–∫—Ä–æ–π—Ç–µ –∫–∞—Ä—Ç—É –∏ –Ω–∞—á–Ω–∏—Ç–µ —ç–∫–æ–Ω–æ–º–∏—Ç—å —É–∂–µ —Å–µ–≥–æ–¥–Ω—è! üåü –ü–æ–¥—Ä–æ–±–Ω–æ—Å—Ç–∏ –≤ –ø—Ä–∏–ª–æ–∂–µ–Ω–∏–∏."
18,–ö—Ä–µ–¥–∏—Ç–Ω–∞—è –∫–∞—Ä—Ç–∞,"–£–≤–∞–∂–∞–µ–º—ã–π –°–∞–Ω–∂–∞—Ä, –≤–∞—à –∫–µ—à–±—ç–∫ –¥–æ 72 000 ‚Ç∏ –≤ –º–µ—Å—è—Ü –Ω–∞ –ø—Ä–æ–¥—É–∫—Ç—ã –ø–∏—Ç–∞–Ω–∏—è –∏ –∫–∞—Ñ–µ –ø–æ–º–æ–∂–µ—Ç —Å—ç–∫–æ–Ω–æ–º–∏—Ç—å. –ê —Ä–∞—Å—Å—Ä–æ—á–∫–∞ –±–µ–∑ –ø–µ—Ä–µ–ø–ª–∞—Ç —Å–¥–µ–ª–∞–µ—Ç –ø–æ–∫—É–ø–∫–∏ –µ—â—ë –∫–æ–º—Ñ–æ—Ä—Ç–Ω–µ–µ. –û—Ñ–æ—Ä–º–∏—Ç–µ –∫—Ä–µ–¥–∏—Ç–Ω—É—é –∫–∞—Ä—Ç—É –∏ –Ω–∞—Å–ª–∞–∂–¥–∞–π—Ç–µ—Å—å –≤—ã–≥–æ–¥–æ–π! üòä"
19,–û–±–º–µ–Ω –≤–∞–ª—é—Ç,"–£–≤–∞–∂–∞–µ–º—ã–π –ê–∑–∞–º–∞—Ç, —Ñ–∏–∫—Å–∏—Ä—É–π—Ç–µ —Ü–µ–ª–µ–≤–æ–π –∫—É—Ä—Å –∏ –º–µ–Ω—è–π—Ç–µ –≤–∞–ª—é—Ç—É –±–µ–∑ –ª–∏—à–Ω–∏—Ö –∫–æ–º–∏—Å—Å–∏–π. –≠—Ç–æ —Å—ç–∫–æ–Ω–æ–º–∏—Ç –≤–∞–º –¥–æ 135 000 ‚Ç∏ –≤ –º–µ—Å—è—Ü. –ù–µ —É–ø—É—Å—Ç–∏—Ç–µ –≤–æ–∑–º–æ–∂–Ω–æ—Å—Ç—å! üí∏ –ü–æ–¥—Ä–æ–±–Ω–æ—Å—Ç–∏ –≤ –ø—Ä–∏–ª–æ–∂–µ–Ω–∏–∏."
20,–û–±–º–µ–Ω –≤–∞–ª—é—Ç,"–£–≤–∞–∂–∞–µ–º–∞—è –ê–Ω–µ–ª—å, –æ–±–º–µ–Ω—è–π—Ç–µ –≤–∞–ª—é—Ç—É –ø–æ –≤—ã–≥–æ–¥–Ω–æ–º—É –∫—É—Ä—Å—É –∏ –±–µ–∑ –¥–æ–ø–æ–ª–Ω–∏—Ç–µ–ª—å–Ω—ã—Ö –∫–æ–º–∏—Å—Å–∏–π. –°—ç–∫–æ–Ω–æ–º—å—Ç–µ –¥–æ 135 000 ‚Ç∏ –∑–∞ –º–µ—Å—è—Ü! üìà –ù–∞—á–Ω–∏—Ç–µ –æ–±–º–µ–Ω —É–∂–µ —Å–µ–≥–æ–¥–Ω—è. –ü–æ–¥—Ä–æ–±–Ω–æ—Å—Ç–∏ –≤ –ø—Ä–∏–ª–æ–∂–µ–Ω–∏–∏."
21,–û–±–º–µ–Ω –≤–∞–ª—é—Ç,"–£–≤–∞–∂–∞–µ–º—ã–π –ü–∞–≤–µ–ª, –µ—Å–ª–∏ –≤—ã —á–∞—Å—Ç–æ –ø—Ä–æ–≤–æ–¥–∏—Ç–µ –≤–∞–ª—é—Ç–Ω—ã–µ –æ–ø–µ—Ä–∞—Ü–∏–∏, –Ω–∞—à –≤—ã–≥–æ–¥–Ω—ã–π –∫—É—Ä—Å –∏ –∞–≤—Ç–æ-–ø–æ–∫—É–ø–∫–∞ –ø–æ —Ü–µ–ª–µ–≤–æ–º—É –∫—É—Ä—Å—É —Å—Ç–∞–Ω—É—Ç –æ—Ç–ª–∏—á–Ω—ã–º –≤–∞—Ä–∏–∞–Ω—Ç–æ–º –¥–ª—è –≤–∞—Å. –ù–∞—Å—Ç—Ä–æ–π—Ç–µ –æ–±–º–µ–Ω –≤–∞–ª—é—Ç—ã –∏ —ç–∫–æ–Ω–æ–º—å—Ç–µ —É–∂–µ —Å–µ–≥–æ–¥–Ω—è! üíº"
22,–û–±–º–µ–Ω –≤–∞–ª—é—Ç,"–£–≤–∞–∂–∞–µ–º–∞—è –ê—Ä—É–∂–∞–Ω, –≤—ã —á–∞—Å—Ç–æ —Å–æ–≤–µ—Ä—à–∞–µ—Ç–µ –ø–æ–∫—É–ø–∫–∏ –≤ –≤–∞–ª—é—Ç–µ. –û–±–º–µ–Ω –≤–∞–ª—é—Ç—ã —Å –≤—ã–≥–æ–¥–Ω—ã–º –∫—É—Ä—Å–æ–º –∏ –∞–≤—Ç–æ-–ø–æ–∫—É–ø–∫–æ–π –ø–æ —Ü–µ–ª–µ–≤–æ–º—É –∫—É—Ä—Å—É –ø–æ–º–æ–∂–µ—Ç —Å—ç–∫–æ–Ω–æ–º–∏—Ç—å –¥–æ 135 000 ‚Ç∏ –≤ –º–µ—Å—è—Ü. –ù–∞—Å—Ç—Ä–æ–π—Ç–µ –æ–±–º–µ–Ω –∏ –ø–æ–ª—É—á–∞–π—Ç–µ –≤—ã–≥–æ–¥—É! üí∞"
23,–û–±–º–µ–Ω –≤–∞–ª—é—Ç,"–£–≤–∞–∂–∞–µ–º—ã–π –¢–µ–º–∏—Ä–ª–∞–Ω, –≤—ã –º–æ–∂–µ—Ç–µ —Å—ç–∫–æ–Ω–æ–º–∏—Ç—å 135 000 ‚Ç∏ –±–ª–∞–≥–æ–¥–∞—Ä—è –≤—ã–≥–æ–¥–Ω–æ–º—É –∫—É—Ä—Å—É –∏ –∞–≤—Ç–æ-–ø–æ–∫—É–ø–∫–µ –ø–æ —Ü–µ–ª–µ–≤–æ–º—É –∫—É—Ä—Å—É –ø—Ä–∏ –æ–±–º–µ–Ω–µ –≤–∞–ª—é—Ç—ã. –ù–∞—Å—Ç—Ä–æ–π—Ç–µ –æ–±–º–µ–Ω —É–∂–µ —Å–µ–≥–æ–¥–Ω—è! üåç –ü–æ–¥—Ä–æ–±–Ω–æ—Å—Ç–∏ –≤ –ø—Ä–∏–ª–æ–∂–µ–Ω–∏–∏."
24,–û–±–º–µ–Ω –≤–∞–ª—é—Ç,"–£–≤–∞–∂–∞–µ–º–∞—è –ì—É–ª—å–º–∏—Ä–∞, –µ—Å–ª–∏ –≤—ã —á–∞—Å—Ç–æ –ø–ª–∞—Ç–∏—Ç–µ –≤ –≤–∞–ª—é—Ç–µ, —Ç–æ –Ω–∞—à –≤—ã–≥–æ–¥–Ω—ã–π –∫—É—Ä—Å –∏ –∞–≤—Ç–æ-–ø–æ–∫—É–ø–∫–∞ –ø–æ —Ü–µ–ª–µ–≤–æ–º—É –∫—É—Ä—Å—É –±—É–¥—É—Ç –≤–∞–º –ø–æ–ª–µ–∑–Ω—ã. –ù–∞—Å—Ç—Ä–æ–π—Ç–µ –æ–±–º–µ–Ω –∏ —Å—ç–∫–æ–Ω–æ–º—å—Ç–µ –¥–æ 135 000 ‚Ç∏ –≤ –º–µ—Å—è—Ü! üåü –ü–æ–¥—Ä–æ–±–Ω–æ—Å—Ç–∏ –≤ –ø—Ä–∏–ª–æ–∂–µ–Ω–∏–∏."
25,–ö—Ä–µ–¥–∏—Ç–Ω–∞—è –∫–∞—Ä—Ç–∞,"–£–≤–∞–∂–∞–µ–º—ã–π –ê–¥–∏–ª—å, –≤–∞—à–∞ –∫—Ä–µ–¥–∏—Ç–Ω–∞—è –∫–∞—Ä—Ç–∞ –ø—Ä–µ–¥–æ—Å—Ç–∞–≤–ª—è–µ—Ç –¥–æ 64 000 ‚Ç∏ –∫–µ—à–±—ç–∫–∞ –∫–∞–∂–¥—ã–π –º–µ—Å—è—Ü –Ω–∞ –ª—é–±–∏–º—ã–µ –∫–∞—Ç–µ–≥–æ—Ä–∏–∏: –ø—Ä–æ–¥—É–∫—Ç—ã, –∫–∞—Ñ–µ –∏ —Ç–∞–∫—Å–∏. –ü–æ–ª—å–∑—É–π—Ç–µ—Å—å –∫–∞—Ä—Ç–æ–π –∏ —ç–∫–æ–Ω–æ–º—å—Ç–µ –Ω–∞ –ø—Ä–∏–≤—ã—á–Ω—ã—Ö –ø–æ–∫—É–ø–∫–∞—Ö! üí≥ –û—Ç–∫—Ä–æ–π—Ç–µ –∫–∞—Ä—Ç—É —É–∂–µ —Å–µ–≥–æ–¥–Ω—è."
26,–ö—Ä–µ–¥–∏—Ç–Ω–∞—è –∫–∞—Ä—Ç–∞,"–£–≤–∞–∂–∞–µ–º–∞—è –ú–∞—Ä–∂–∞–Ω, –≤—ã –º–æ–∂–µ—Ç–µ –ø–æ–ª—É—á–∞—Ç—å –¥–æ 63 000 ‚Ç∏ –∫–µ—à–±—ç–∫–∞ –≤ –º–µ—Å—è—Ü, —Ç—Ä–∞—Ç—è –Ω–∞ –ª—é–±–∏–º—ã–µ –ü—Ä–æ–¥—É–∫—Ç—ã –ø–∏—Ç–∞–Ω–∏—è, –ö–∞—Ñ–µ –∏ —Ä–µ—Å—Ç–æ—Ä–∞–Ω—ã –∏ –¢–∞–∫—Å–∏. –û—Ç–∫—Ä–æ–π—Ç–µ –∫—Ä–µ–¥–∏—Ç–Ω—É—é –∫–∞—Ä—Ç—É –∏ –Ω–∞—á–Ω–∏—Ç–µ —ç–∫–æ–Ω–æ–º–∏—Ç—å —É–∂–µ —Å–µ–≥–æ–¥–Ω—è! üí≥"
27,–ö—Ä–µ–¥–∏—Ç–Ω–∞—è –∫–∞—Ä—Ç–∞,"–£–≤–∞–∂–∞–µ–º—ã–π –ù—É—Ä—Å—É–ª—Ç–∞–Ω, –≤—ã –ª—é–±–∏—Ç–µ —Ç—Ä–∞—Ç–∏—Ç—å –Ω–∞ –ø—Ä–æ–¥—É–∫—Ç—ã, –∫–∞—Ñ–µ –∏ —Ç–∞–∫—Å–∏. –ü–æ–ª—É—á–∏—Ç–µ –¥–æ 67 000 ‚Ç∏ –∫–µ—à–±—ç–∫–∞ –≤ –º–µ—Å—è—Ü –∏ –≤–æ—Å–ø–æ–ª—å–∑—É–π—Ç–µ—Å—å —Ä–∞—Å—Å—Ä–æ—á–∫–æ–π –±–µ–∑ –ø–µ—Ä–µ–ø–ª–∞—Ç. –û—Ç–∫—Ä–æ–π—Ç–µ –∫—Ä–µ–¥–∏—Ç–Ω—É—é –∫–∞—Ä—Ç—É —É–∂–µ —Å–µ–≥–æ–¥–Ω—è! üöÄ"
28,–ö—Ä–µ–¥–∏—Ç–Ω–∞—è –∫–∞—Ä—Ç–∞,"–£–≤–∞–∂–∞–µ–º—ã–π –ê–ª—Ç—ã–Ω–∞–π, –≤—ã –¥–µ–ª–∞–µ—Ç–µ –ø–æ–∫—É–ø–∫–∏ –≤ –∫–∞—Ç–µ–≥–æ—Ä–∏—è—Ö –ü—Ä–æ–¥—É–∫—Ç—ã –ø–∏—Ç–∞–Ω–∏—è, –ö–∞—Ñ–µ –∏ —Ä–µ—Å—Ç–æ—Ä–∞–Ω—ã, –¢–∞–∫—Å–∏. –ü–æ–ª—É—á–∏—Ç–µ –¥–æ 61 000 ‚Ç∏ –∫–µ—à–±—ç–∫–∞ –≤ –º–µ—Å—è—Ü –∏ –≤–æ—Å–ø–æ–ª—å–∑—É–π—Ç–µ—Å—å —Ä–∞—Å—Å—Ä–æ—á–∫–æ–π –±–µ–∑ –ø–µ—Ä–µ–ø–ª–∞—Ç. –û—Ç–∫—Ä–æ–π—Ç–µ –∫—Ä–µ–¥–∏—Ç–Ω—É—é –∫–∞—Ä—Ç—É —É–∂–µ —Å–µ–≥–æ–¥–Ω—è! üåü"
29,–ö—Ä–µ–¥–∏—Ç–Ω–∞—è –∫–∞—Ä—Ç–∞,"–£–≤–∞–∂–∞–µ–º–∞—è –°–∞—è, —Å –Ω–∞—à–µ–π –∫—Ä–µ–¥–∏—Ç–Ω–æ–π –∫–∞—Ä—Ç–æ–π –≤—ã –ø–æ–ª—É—á–∏—Ç–µ –¥–æ 72 000 ‚Ç∏ –∫–µ—à–±—ç–∫–∞ –≤ –º–µ—Å—è—Ü –Ω–∞ –ª—é–±–∏–º—ã–µ –∫–∞—Ç–µ–≥–æ—Ä–∏–∏: –ø—Ä–æ–¥—É–∫—Ç—ã, –∫–∞—Ñ–µ –∏ —Ç–∞–∫—Å–∏. –û—Ç–∫—Ä–æ–π—Ç–µ –∫–∞—Ä—Ç—É –∏ –Ω–∞—Å–ª–∞–∂–¥–∞–π—Ç–µ—Å—å –≤—ã–≥–æ–¥–æ–π! üçΩÔ∏è –ü–æ–¥—Ä–æ–±–Ω–æ—Å—Ç–∏ –≤ –ø—Ä–∏–ª–æ–∂–µ–Ω–∏–∏."
30,–ö—Ä–µ–¥–∏—Ç–Ω–∞—è –∫–∞—Ä—Ç–∞,"–£–≤–∞–∂–∞–µ–º—ã–π –ï—Ä–±–æ–ª, –≤—ã –∞–∫—Ç–∏–≤–Ω–æ –ø–æ–ª—å–∑—É–µ—Ç–µ—Å—å –ü—Ä–æ–¥—É–∫—Ç–∞–º–∏ –ø–∏—Ç–∞–Ω–∏—è, –ö–∞—Ñ–µ –∏ —Ä–µ—Å—Ç–æ—Ä–∞–Ω–∞–º–∏, –¢–∞–∫—Å–∏. –ü–æ–ª—É—á–∞–π—Ç–µ –¥–æ 73 000 ‚Ç∏ –∫–µ—à–±—ç–∫–∞ –≤ –º–µ—Å—è—Ü –∏ –≤–æ—Å–ø–æ–ª—å–∑—É–π—Ç–µ—Å—å —Ä–∞—Å—Å—Ä–æ—á–∫–æ–π –±–µ–∑ –ø–µ—Ä–µ–ø–ª–∞—Ç. –û—Ç–∫—Ä–æ–π—Ç–µ –∫—Ä–µ–¥–∏—Ç–Ω—É—é –∫–∞—Ä—Ç—É —É–∂–µ —Å–µ–≥–æ–¥–Ω—è!"
31,–ö—Ä–µ–¥–∏—Ç–Ω–∞—è –∫–∞—Ä—Ç–∞,"–£–≤–∞–∂–∞–µ–º—ã–π –î–∞–º–∏—Ä, —Å –Ω–∞—à–µ–π –∫—Ä–µ–¥–∏—Ç–Ω–æ–π –∫–∞—Ä—Ç–æ–π –≤—ã –º–æ–∂–µ—Ç–µ –ø–æ–ª—É—á–∏—Ç—å –¥–æ 65 000 ‚Ç∏ –∫–µ—à–±—ç–∫–∞ –Ω–∞ –ª—é–±–∏–º—ã–µ –∫–∞—Ç–µ–≥–æ—Ä–∏–∏: –ø—Ä–æ–¥—É–∫—Ç—ã, –∫–∞—Ñ–µ –∏ —Ç–∞–∫—Å–∏. –û—Ç–∫—Ä–æ–π—Ç–µ –∫–∞—Ä—Ç—É –∏ –Ω–∞—Å–ª–∞–∂–¥–∞–π—Ç–µ—Å—å –≤—ã–≥–æ–¥–æ–π! üåü –ü–æ–¥—Ä–æ–±–Ω–æ—Å—Ç–∏ –≤ –ø—Ä–∏–ª–æ–∂–µ–Ω–∏–∏."
32,–ö—Ä–µ–¥–∏—Ç–Ω–∞—è –∫–∞—Ä—Ç–∞,"–£–≤–∞–∂–∞–µ–º–∞—è –ê–ª–∏—è, –º—ã –∑–∞–º–µ—Ç–∏–ª–∏, —á—Ç–æ –≤—ã –∞–∫—Ç–∏–≤–Ω–æ –∏—Å–ø–æ–ª—å–∑—É–µ—Ç–µ —Å–≤–æ—é –∫—Ä–µ–¥–∏—Ç–Ω—É—é –∫–∞—Ä—Ç—É –Ω–∞ –∫–∞—Ñ–µ, —Ä–µ—Å—Ç–æ—Ä–∞–Ω—ã –∏ —Ç–∞–∫—Å–∏. –ü–æ–ª—É—á–∞–π—Ç–µ –¥–æ 92 000 ‚Ç∏ –∫–µ—à–±—ç–∫–∞ –∫–∞–∂–¥—ã–π –º–µ—Å—è—Ü! –û—Ç–∫—Ä–æ–π—Ç–µ –∫–∞—Ä—Ç—É –∏ –≤–æ—Å–ø–æ–ª—å–∑—É–π—Ç–µ—Å—å –≤—ã–≥–æ–¥–∞–º–∏. üåü"
33,–ö—Ä–µ–¥–∏—Ç–Ω–∞—è –∫–∞—Ä—Ç–∞,"–£–≤–∞–∂–∞–µ–º—ã–π –ú–µ—Ä–µ–π, –∏—Å–ø–æ–ª—å–∑—É–π—Ç–µ —Å–≤–æ—é –∫—Ä–µ–¥–∏—Ç–Ω—É—é –∫–∞—Ä—Ç—É –∏ –ø–æ–ª—É—á–∞–π—Ç–µ –¥–æ 72 000 ‚Ç∏ –∫–µ—à–±—ç–∫–∞ –∫–∞–∂–¥—ã–π –º–µ—Å—è—Ü –Ω–∞ –ü—Ä–æ–¥—É–∫—Ç—ã –ø–∏—Ç–∞–Ω–∏—è, –ö–∞—Ñ–µ –∏ —Ä–µ—Å—Ç–æ—Ä–∞–Ω—ã, –¢–∞–∫—Å–∏. –û—Ç–∫—Ä–æ–π—Ç–µ –∫–∞—Ä—Ç—É –∏ –Ω–∞—á–Ω–∏—Ç–µ —ç–∫–æ–Ω–æ–º–∏—Ç—å —É–∂–µ —Å–µ–π—á–∞—Å! üòä"
34,–ö—Ä–µ–¥–∏—Ç –Ω–∞–ª–∏—á–Ω—ã–º–∏,"–£–≤–∞–∂–∞–µ–º—ã–π –ò–Ω–∫–∞—Ä, –µ—Å–ª–∏ –≤—ã –ø–ª–∞–Ω–∏—Ä—É–µ—Ç–µ –ø–æ–∫—É–ø–∫—É, –∫—Ä–µ–¥–∏—Ç –Ω–∞–ª–∏—á–Ω—ã–º–∏ —Å –≥–∏–±–∫–∏–º–∏ –≤—ã–ø–ª–∞—Ç–∞–º–∏ –∏ –±–µ–∑ —à—Ç—Ä–∞—Ñ–æ–≤ –∑–∞ –¥–æ—Å—Ä–æ—á–Ω–æ–µ –ø–æ–≥–∞—à–µ–Ω–∏–µ –º–æ–∂–µ—Ç —Å—Ç–∞—Ç—å –æ—Ç–ª–∏—á–Ω—ã–º —Ä–µ—à–µ–Ω–∏–µ–º. –£–∑–Ω–∞–π—Ç–µ –ª–∏–º–∏—Ç —É–∂–µ —Å–µ–≥–æ–¥–Ω—è! üíº –ü–æ–¥—Ä–æ–±–Ω–æ—Å—Ç–∏ –≤ –ø—Ä–∏–ª–æ–∂–µ–Ω–∏–∏."
35,–ö—Ä–µ–¥–∏—Ç–Ω–∞—è –∫–∞—Ä—Ç–∞,"–£–≤–∞–∂–∞–µ–º—ã–π –°–∞–º–∞—Ç, —Å –Ω–∞—à–µ–π –∫—Ä–µ–¥–∏—Ç–Ω–æ–π –∫–∞—Ä—Ç–æ–π –≤—ã –º–æ–∂–µ—Ç–µ –ø–æ–ª—É—á–∞—Ç—å –¥–æ 89 000 ‚Ç∏ –∫–µ—à–±—ç–∫–∞ –∫–∞–∂–¥—ã–π –º–µ—Å—è—Ü –Ω–∞ –ª—é–±–∏–º—ã–µ –∫–∞—Ç–µ–≥–æ—Ä–∏–∏: –∫–∞—Ñ–µ, –ø—Ä–æ–¥—É–∫—Ç—ã –∏ —Ç–∞–∫—Å–∏. –û—Ç–∫—Ä–æ–π—Ç–µ –∫–∞—Ä—Ç—É –∏ –Ω–∞—Å–ª–∞–∂–¥–∞–π—Ç–µ—Å—å –≤—ã–≥–æ–¥–æ–π! –ü–æ–¥—Ä–æ–±–Ω–æ—Å—Ç–∏ –≤ –ø—Ä–∏–ª–æ–∂–µ–Ω–∏–∏."
36,–ö—Ä–µ–¥–∏—Ç–Ω–∞—è –∫–∞—Ä—Ç–∞,"–£–≤–∞–∂–∞–µ–º—ã–π –ù–∞–∑—ã–º, –≤—ã –º–æ–∂–µ—Ç–µ –ø–æ–ª—É—á–∏—Ç—å –¥–æ 64 000 ‚Ç∏ –∫–µ—à–±—ç–∫–∞ –≤ –º–µ—Å—è—Ü –Ω–∞ —Å–≤–æ–∏ –ª—é–±–∏–º—ã–µ –∫–∞—Ç–µ–≥–æ—Ä–∏–∏: –ø—Ä–æ–¥—É–∫—Ç—ã, –∫–∞—Ñ–µ –∏ —Ç–∞–∫—Å–∏. –û—Ç–∫—Ä–æ–π—Ç–µ –∫—Ä–µ–¥–∏—Ç–Ω—É—é –∫–∞—Ä—Ç—É –∏ –Ω–∞—Å–ª–∞–∂–¥–∞–π—Ç–µ—Å—å –≤—ã–≥–æ–¥–æ–π! üí≥ –ü–æ–¥—Ä–æ–±–Ω–æ—Å—Ç–∏ –≤ –ø—Ä–∏–ª–æ–∂–µ–Ω–∏–∏."
37,–ö—Ä–µ–¥–∏—Ç–Ω–∞—è –∫–∞—Ä—Ç–∞,"–£–≤–∞–∂–∞–µ–º–∞—è –ì—É–ª—å–Ω–∞—Ä, —Å –Ω–∞—à–µ–π –∫—Ä–µ–¥–∏—Ç–Ω–æ–π –∫–∞—Ä—Ç–æ–π –≤—ã –º–æ–∂–µ—Ç–µ –ø–æ–ª—É—á–∞—Ç—å –¥–æ 69 000 ‚Ç∏ –∫–µ—à–±—ç–∫–∞ –∫–∞–∂–¥—ã–π –º–µ—Å—è—Ü –Ω–∞ –ø–æ–∫—É–ø–∫–∏ –≤ –∫–∞—Ç–µ–≥–æ—Ä–∏—è—Ö –ü—Ä–æ–¥—É–∫—Ç—ã –ø–∏—Ç–∞–Ω–∏—è, –ö–∞—Ñ–µ –∏ —Ä–µ—Å—Ç–æ—Ä–∞–Ω—ã, –¢–∞–∫—Å–∏. –û—Ç–∫—Ä–æ–π—Ç–µ –∫–∞—Ä—Ç—É –∏ –Ω–∞—Å–ª–∞–∂–¥–∞–π—Ç–µ—Å—å –≤—ã–≥–æ–¥–æ–π! üí≥"
38,–ö—Ä–µ–¥–∏—Ç–Ω–∞—è –∫–∞—Ä—Ç–∞,"–£–≤–∞–∂–∞–µ–º—ã–π –°–µ—Ä–∏–∫, –Ω–∞ –≤–∞—à–∏ –ª—é–±–∏–º—ã–µ –∫–∞—Ç–µ–≥–æ—Ä–∏–∏ ‚Äì –∫–∞—Ñ–µ –∏ —Ä–µ—Å—Ç–æ—Ä–∞–Ω—ã, –ø—Ä–æ–¥—É–∫—Ç—ã, —Ç–∞–∫—Å–∏ ‚Äì –¥–µ–π—Å—Ç–≤—É–µ—Ç –∫–µ—à–±—ç–∫ –¥–æ 10%. –í—ã –º–æ–∂–µ—Ç–µ –ø–æ–ª—É—á–∏—Ç—å –¥–æ 89 000 ‚Ç∏ –≤ –º–µ—Å—è—Ü. –û—Ç–∫—Ä–æ–π—Ç–µ –∫—Ä–µ–¥–∏—Ç–Ω—É—é –∫–∞—Ä—Ç—É –∏ –Ω–∞—Å–ª–∞–∂–¥–∞–π—Ç–µ—Å—å –≤—ã–≥–æ–¥–æ–π! üòä"
39,–ö—Ä–µ–¥–∏—Ç–Ω–∞—è –∫–∞—Ä—Ç–∞,"–£–≤–∞–∂–∞–µ–º—ã–π –õ—è–∑–∑–∞—Ç, –≤–∞—à–∞ –∫—Ä–µ–¥–∏—Ç–Ω–∞—è –∫–∞—Ä—Ç–∞ –≤–µ—Ä–Ω—ë—Ç –¥–æ 66 000 ‚Ç∏ –µ–∂–µ–º–µ—Å—è—á–Ω–æ –∑–∞ –ø–æ–∫—É–ø–∫–∏ –≤ –ª—é–±–∏–º—ã—Ö –∫–∞—Ç–µ–≥–æ—Ä–∏—è—Ö: –ø—Ä–æ–¥—É–∫—Ç—ã, –∫–∞—Ñ–µ –∏ —Ç–∞–∫—Å–∏. –ü–æ–ª—É—á–∏—Ç–µ –≤—ã–≥–æ–¥–Ω—ã–µ —É—Å–ª–æ–≤–∏—è —Ä–∞—Å—Å—Ä–æ—á–∫–∏. –û—Ñ–æ—Ä–º–∏—Ç–µ –∫–∞—Ä—Ç—É —Å–µ–≥–æ–¥–Ω—è! üåü"
40,–ö—Ä–µ–¥–∏—Ç–Ω–∞—è –∫–∞—Ä—Ç–∞,"–£–≤–∞–∂–∞–µ–º—ã–π –ê—Å—Ö–∞—Ç, –≤–∞—à–∞ –∫—Ä–µ–¥–∏—Ç–Ω–∞—è –∫–∞—Ä—Ç–∞ –≤–µ—Ä–Ω—ë—Ç –¥–æ 76 000 ‚Ç∏ –µ–∂–µ–º–µ—Å—è—á–Ω–æ –Ω–∞ –ø–æ–∫—É–ø–∫–∏ –≤ –ª—é–±–∏–º—ã—Ö –∫–∞—Ç–µ–≥–æ—Ä–∏—è—Ö, —Ç–∞–∫–∏—Ö –∫–∞–∫ –ø—Ä–æ–¥—É–∫—Ç—ã –ø–∏—Ç–∞–Ω–∏—è –∏ –∫–∞—Ñ–µ. –û—Ç–∫—Ä–æ–π—Ç–µ –∫–∞—Ä—Ç—É –∏ –Ω–∞—Å–ª–∞–∂–¥–∞–π—Ç–µ—Å—å –≤—ã–≥–æ–¥–æ–π! üí≥ –ü–æ–¥—Ä–æ–±–Ω–æ—Å—Ç–∏ –≤ –ø—Ä–∏–ª–æ–∂–µ–Ω–∏–∏."
41,–ö—Ä–µ–¥–∏—Ç–Ω–∞—è –∫–∞—Ä—Ç–∞,"–£–≤–∞–∂–∞–µ–º—ã–π –°–∞–Ω–¥—É–≥–∞—à, –≤—ã –∞–∫—Ç–∏–≤–Ω–æ –∏—Å–ø–æ–ª—å–∑—É–µ—Ç–µ —Ä–∞—Å—Ö–æ–¥—ã –Ω–∞ –ø—Ä–æ–¥—É–∫—Ç—ã, –∫–∞—Ñ–µ –∏ —Ç–∞–∫—Å–∏. –í—ã –º–æ–∂–µ—Ç–µ –ø–æ–ª—É—á–∞—Ç—å –¥–æ 69 000 ‚Ç∏ –∫–µ—à–±—ç–∫–∞ –≤ –º–µ—Å—è—Ü –∏ –≤–æ—Å–ø–æ–ª—å–∑–æ–≤–∞—Ç—å—Å—è —Ä–∞—Å—Å—Ä–æ—á–∫–æ–π –±–µ–∑ –ø–µ—Ä–µ–ø–ª–∞—Ç. –û—Ç–∫—Ä–æ–π—Ç–µ –∫—Ä–µ–¥–∏—Ç–Ω—É—é –∫–∞—Ä—Ç—É —É–∂–µ —Å–µ–≥–æ–¥–Ω—è!"
42,–ö—Ä–µ–¥–∏—Ç–Ω–∞—è –∫–∞—Ä—Ç–∞,"–£–≤–∞–∂–∞–µ–º—ã–π –†—É—Å—Ç–µ–º, –≤—ã –º–æ–∂–µ—Ç–µ –ø–æ–ª—É—á–∏—Ç—å –¥–æ 94 000 ‚Ç∏ –∫–µ—à–±—ç–∫–∞ –≤ –º–µ—Å—è—Ü –±–ª–∞–≥–æ–¥–∞—Ä—è –≤–∞—à–∏–º —Ç—Ä–∞—Ç–∞–º –Ω–∞ –∫–∞—Ñ–µ, –ø—Ä–æ–¥—É–∫—Ç—ã –∏ —Ç–∞–∫—Å–∏. –û—Ç–∫—Ä–æ–π—Ç–µ –∫—Ä–µ–¥–∏—Ç–Ω—É—é –∫–∞—Ä—Ç—É –∏ –Ω–∞—Å–ª–∞–∂–¥–∞–π—Ç–µ—Å—å –≤—ã–≥–æ–¥–æ–π! üìà –ü–æ–¥—Ä–æ–±–Ω–æ—Å—Ç–∏ –≤ –ø—Ä–∏–ª–æ–∂–µ–Ω–∏–∏."
43,–ö—Ä–µ–¥–∏—Ç–Ω–∞—è –∫–∞—Ä—Ç–∞,"–£–≤–∞–∂–∞–µ–º—ã–π –ù—É—Ä—Ç–∞—Å, —Å –Ω–∞—à–µ–π –∫—Ä–µ–¥–∏—Ç–Ω–æ–π –∫–∞—Ä—Ç–æ–π –≤—ã –º–æ–∂–µ—Ç–µ –≤–µ—Ä–Ω—É—Ç—å –¥–æ 67 000 ‚Ç∏ –≤ –º–µ—Å—è—Ü –Ω–∞ –ø–æ–∫—É–ø–∫–∏ –≤ –ª—é–±–∏–º—ã—Ö –∫–∞—Ç–µ–≥–æ—Ä–∏—è—Ö, —Ç–∞–∫–∏—Ö –∫–∞–∫ –ø—Ä–æ–¥—É–∫—Ç—ã –∏–ª–∏ –∫–∞—Ñ–µ. –û—Ç–∫—Ä–æ–π—Ç–µ –∫–∞—Ä—Ç—É –∏ –Ω–∞—Å–ª–∞–∂–¥–∞–π—Ç–µ—Å—å –≤—ã–≥–æ–¥–∞–º–∏! üòä"
44,–ö—Ä–µ–¥–∏—Ç–Ω–∞—è –∫–∞—Ä—Ç–∞,"–£–≤–∞–∂–∞–µ–º–∞—è –ê–π–Ω–∞–≥—É–ª—å, –±–ª–∞–≥–æ–¥–∞—Ä—è –Ω–∞—à–µ–π –∫—Ä–µ–¥–∏—Ç–Ω–æ–π –∫–∞—Ä—Ç–µ –≤—ã –º–æ–∂–µ—Ç–µ –ø–æ–ª—É—á–∞—Ç—å –¥–æ 67 000 ‚Ç∏ –∫–µ—à–±—ç–∫–∞ –Ω–∞ –ø–æ–∫—É–ø–∫–∏ –≤ –ª—é–±–∏–º—ã—Ö –∫–∞—Ç–µ–≥–æ—Ä–∏—è—Ö. –û—Ñ–æ—Ä–º–∏—Ç–µ –∫–∞—Ä—Ç—É –∏ –Ω–∞—Å–ª–∞–∂–¥–∞–π—Ç–µ—Å—å –≤—ã–≥–æ–¥–∞–º–∏! üéâ –ü–æ–¥—Ä–æ–±–Ω–æ—Å—Ç–∏ –≤ –ø—Ä–∏–ª–æ–∂–µ–Ω–∏–∏."
45,–ö—Ä–µ–¥–∏—Ç –Ω–∞–ª–∏—á–Ω—ã–º–∏,"–£–≤–∞–∂–∞–µ–º–∞—è –î–∏–∞–Ω–∞, –µ—Å–ª–∏ –≤—ã –ø–ª–∞–Ω–∏—Ä—É–µ—Ç–µ –ø–æ–∫—É–ø–∫—É, –∫—Ä–µ–¥–∏—Ç –Ω–∞–ª–∏—á–Ω—ã–º–∏ —Å—Ç–∞–Ω–µ—Ç –æ—Ç–ª–∏—á–Ω—ã–º —Ä–µ—à–µ–Ω–∏–µ–º. –í—ã –ø–æ–ª—É—á–∏—Ç–µ 10 000 ‚Ç∏ –≤—ã–≥–æ–¥—ã –∑–∞ –º–µ—Å—è—Ü –±–ª–∞–≥–æ–¥–∞—Ä—è –≥–∏–±–∫–∏–º –≤—ã–ø–ª–∞—Ç–∞–º –∏ –≤–æ–∑–º–æ–∂–Ω–æ—Å—Ç–∏ –¥–æ—Å—Ä–æ—á–Ω–æ–≥–æ –ø–æ–≥–∞—à–µ–Ω–∏—è. –£–∑–Ω–∞–π—Ç–µ –ª–∏–º–∏—Ç! üí∏"
46,–ö—Ä–µ–¥–∏—Ç–Ω–∞—è –∫–∞—Ä—Ç–∞,"–£–≤–∞–∂–∞–µ–º—ã–π –ê—Ä—Å–µ–Ω, –≤—ã —Ç—Ä–∞—Ç–∏—Ç–µ –Ω–∞ –ü—Ä–æ–¥—É–∫—Ç—ã –ø–∏—Ç–∞–Ω–∏—è, –ö–∞—Ñ–µ –∏ —Ä–µ—Å—Ç–æ—Ä–∞–Ω—ã –∏ –¢–∞–∫—Å–∏. –ü–æ–ª—É—á–∞–π—Ç–µ –¥–æ 69 000 ‚Ç∏ –∫–µ—à–±—ç–∫–∞ –≤ –º–µ—Å—è—Ü –∏ –≤–æ—Å–ø–æ–ª—å–∑—É–π—Ç–µ—Å—å —Ä–∞—Å—Å—Ä–æ—á–∫–æ–π –±–µ–∑ –ø–µ—Ä–µ–ø–ª–∞—Ç. –û—Ç–∫—Ä–æ–π—Ç–µ –∫—Ä–µ–¥–∏—Ç–Ω—É—é –∫–∞—Ä—Ç—É —É–∂–µ —Å–µ–≥–æ–¥–Ω—è! üåü"
47,–ö—Ä–µ–¥–∏—Ç–Ω–∞—è –∫–∞—Ä—Ç–∞,"–£–≤–∞–∂–∞–µ–º—ã–π –ö–∞–º—à–∞—Ç, –≤–∞—à–∞ –∫—Ä–µ–¥–∏—Ç–Ω–∞—è –∫–∞—Ä—Ç–∞ –ø—Ä–µ–¥–ª–∞–≥–∞–µ—Ç –¥–æ 68 000 ‚Ç∏ –∫–µ—à–±—ç–∫–∞ –Ω–∞ –ª—é–±–∏–º—ã–µ –ø–æ–∫—É–ø–∫–∏: –ø—Ä–æ–¥—É–∫—Ç—ã, –∫–∞—Ñ–µ –∏ —Ç–∞–∫—Å–∏. –≠—Ç–æ —É–¥–æ–±–Ω–æ –∏ –≤—ã–≥–æ–¥–Ω–æ! –û—Ñ–æ—Ä–º–∏—Ç–µ –∫–∞—Ä—Ç—É –∏ –ø–æ–ª—å–∑—É–π—Ç–µ—Å—å –ø—Ä–µ–∏–º—É—â–µ—Å—Ç–≤–∞–º–∏ üòä."
48,–ö—Ä–µ–¥–∏—Ç–Ω–∞—è –∫–∞—Ä—Ç–∞,"–£–≤–∞–∂–∞–µ–º—ã–π –ï—Ä–∂–∞–Ω, –≤—ã –º–æ–∂–µ—Ç–µ –ø–æ–ª—É—á–∞—Ç—å –¥–æ 64 000 ‚Ç∏ –∫–µ—à–±—ç–∫–∞ –≤ –º–µ—Å—è—Ü –Ω–∞ –ø–æ–∫—É–ø–∫–∏ –≤ –ª—é–±–∏–º—ã—Ö –∫–∞—Ç–µ–≥–æ—Ä–∏—è—Ö: –ø—Ä–æ–¥—É–∫—Ç—ã, –∫–∞—Ñ–µ –∏ —Ç–∞–∫—Å–∏. –û—Ñ–æ—Ä–º–∏—Ç–µ –∫—Ä–µ–¥–∏—Ç–Ω—É—é –∫–∞—Ä—Ç—É –∏ –Ω–∞—Å–ª–∞–∂–¥–∞–π—Ç–µ—Å—å –≤—ã–≥–æ–¥–æ–π! üí≥ –ü–æ–¥—Ä–æ–±–Ω–æ—Å—Ç–∏ –≤ –ø—Ä–∏–ª–æ–∂–µ–Ω–∏–∏."
49,–ö—Ä–µ–¥–∏—Ç–Ω–∞—è –∫–∞—Ä—Ç–∞,"–£–≤–∞–∂–∞–µ–º–∞—è –ê–º–∏–Ω–∞, —Å –Ω–∞—à–µ–π –∫—Ä–µ–¥–∏—Ç–Ω–æ–π –∫–∞—Ä—Ç–æ–π –≤—ã –º–æ–∂–µ—Ç–µ –ø–æ–ª—É—á–∏—Ç—å –¥–æ 70 000 ‚Ç∏ –∫–µ—à–±—ç–∫–∞ –Ω–∞ –ø–æ–∫—É–ø–∫–∏ –≤ –ª—é–±–∏–º—ã—Ö –∫–∞—Ç–µ–≥–æ—Ä–∏—è—Ö: –ø—Ä–æ–¥—É–∫—Ç—ã, –∫–∞—Ñ–µ –∏ —Ç–∞–∫—Å–∏. –û—Ñ–æ—Ä–º–∏—Ç–µ –∫–∞—Ä—Ç—É –∏ –Ω–∞—á–Ω–∏—Ç–µ —ç–∫–æ–Ω–æ–º–∏—Ç—å —É–∂–µ —Å–µ–≥–æ–¥–Ω—è! üòä"
50,–ö—Ä–µ–¥–∏—Ç–Ω–∞—è –∫–∞—Ä—Ç–∞,"–£–≤–∞–∂–∞–µ–º—ã–π –¢–∏–º—É—Ä–ª–∞–Ω, –≤—ã –º–æ–∂–µ—Ç–µ –ø–æ–ª—É—á–∏—Ç—å –¥–æ 88 000 ‚Ç∏ –∫–µ—à–±—ç–∫–∞ –≤ –º–µ—Å—è—Ü –Ω–∞ –ª—é–±–∏–º—ã–µ –∫–∞—Ç–µ–≥–æ—Ä–∏–∏: –∫–∞—Ñ–µ –∏ —Ä–µ—Å—Ç–æ—Ä–∞–Ω—ã, –ø—Ä–æ–¥—É–∫—Ç—ã –ø–∏—Ç–∞–Ω–∏—è, —Ç–∞–∫—Å–∏. –û—Ç–∫—Ä–æ–π—Ç–µ –∫—Ä–µ–¥–∏—Ç–Ω—É—é –∫–∞—Ä—Ç—É –∏ –≤–æ—Å–ø–æ–ª—å–∑—É–π—Ç–µ—Å—å –≤—ã–≥–æ–¥–Ω—ã–º–∏ –ø—Ä–µ–¥–ª–æ–∂–µ–Ω–∏—è–º–∏."
51,–ö—Ä–µ–¥–∏—Ç–Ω–∞—è –∫–∞—Ä—Ç–∞,"–£–≤–∞–∂–∞–µ–º—ã–π –ñ–∞–Ω–∞—Ç, —Å –Ω–∞—à–µ–π –∫—Ä–µ–¥–∏—Ç–Ω–æ–π –∫–∞—Ä—Ç–æ–π –≤—ã –º–æ–∂–µ—Ç–µ –ø–æ–ª—É—á–∏—Ç—å –¥–æ 65 000 ‚Ç∏ –∫–µ—à–±—ç–∫–∞ –Ω–∞ –ª—é–±–∏–º—ã–µ –ø–æ–∫—É–ø–∫–∏, —Ç–∞–∫–∏–µ –∫–∞–∫ –ø—Ä–æ–¥—É–∫—Ç—ã, –∫–∞—Ñ–µ –∏ —Ç–∞–∫—Å–∏. –û—Ñ–æ—Ä–º–∏—Ç–µ –∫–∞—Ä—Ç—É –∏ –Ω–∞—Å–ª–∞–∂–¥–∞–π—Ç–µ—Å—å –≤—ã–≥–æ–¥–∞–º–∏! üçΩÔ∏è –ü–æ–¥—Ä–æ–±–Ω–æ—Å—Ç–∏ –≤ –ø—Ä–∏–ª–æ–∂–µ–Ω–∏–∏."
52,–ö—Ä–µ–¥–∏—Ç–Ω–∞—è –∫–∞—Ä—Ç–∞,"–£–≤–∞–∂–∞–µ–º–∞—è –ú–∏–ª–∞–Ω–∞, —É –≤–∞—Å –µ—Å—Ç—å –≤–æ–∑–º–æ–∂–Ω–æ—Å—Ç—å –ø–æ–ª—É—á–∞—Ç—å –¥–æ 88 000 ‚Ç∏ –∫–µ—à–±—ç–∫–∞ –∫–∞–∂–¥—ã–π –º–µ—Å—è—Ü –Ω–∞ –ª—é–±–∏–º—ã–µ –ø–æ–∫—É–ø–∫–∏ –≤ –∫–∞—Ñ–µ, –ø—Ä–æ–¥—É–∫—Ç—ã –∏ —Ç–∞–∫—Å–∏. –û—Ñ–æ—Ä–º–∏—Ç–µ –∫—Ä–µ–¥–∏—Ç–Ω—É—é –∫–∞—Ä—Ç—É –∏ –Ω–∞—Å–ª–∞–∂–¥–∞–π—Ç–µ—Å—å –≤—ã–≥–æ–¥–æ–π! üí≥ –ü–æ–¥—Ä–æ–±–Ω–æ—Å—Ç–∏ –≤ –ø—Ä–∏–ª–æ–∂–µ–Ω–∏–∏."
53,–ö—Ä–µ–¥–∏—Ç–Ω–∞—è –∫–∞—Ä—Ç–∞,"–£–≤–∞–∂–∞–µ–º—ã–π –†–∞—Å—É–ª, –±–ª–∞–≥–æ–¥–∞—Ä—è –∫—Ä–µ–¥–∏—Ç–Ω–æ–π –∫–∞—Ä—Ç–µ –≤—ã –º–æ–∂–µ—Ç–µ –ø–æ–ª—É—á–∏—Ç—å –¥–æ 70 000 ‚Ç∏ –∫–µ—à–±—ç–∫–∞ –Ω–∞ –ª—é–±–∏–º—ã–µ –ø—Ä–æ–¥—É–∫—Ç—ã, –∫–∞—Ñ–µ –∏ —Ç–∞–∫—Å–∏. –≠—Ç–æ –≤—ã–≥–æ–¥–Ω–æ –∏ —É–¥–æ–±–Ω–æ! –û—Ñ–æ—Ä–º–∏—Ç–µ –∫–∞—Ä—Ç—É –∏ –Ω–∞—Å–ª–∞–∂–¥–∞–π—Ç–µ—Å—å –ø–æ–∫—É–ø–∫–∞–º–∏ üí≥."
54,–ö—Ä–µ–¥–∏—Ç–Ω–∞—è –∫–∞—Ä—Ç–∞,"–£–≤–∞–∂–∞–µ–º–∞—è –í–∏–∫—Ç–æ—Ä–∏—è, —Å –Ω–∞—à–µ–π –∫—Ä–µ–¥–∏—Ç–Ω–æ–π –∫–∞—Ä—Ç–æ–π –≤—ã –ø–æ–ª—É—á–∏—Ç–µ –¥–æ 101 000 ‚Ç∏ –∫–µ—à–±—ç–∫–∞ –∫–∞–∂–¥—ã–π –º–µ—Å—è—Ü –∑–∞ –ø–æ–∫—É–ø–∫–∏ –≤ –ª—é–±–∏–º—ã—Ö –∫–∞—Ç–µ–≥–æ—Ä–∏—è—Ö. –≠—Ç–æ –æ—Ç–ª–∏—á–Ω–∞—è –≤–æ–∑–º–æ–∂–Ω–æ—Å—Ç—å. –û—Ç–∫—Ä–æ–π—Ç–µ –∫–∞—Ä—Ç—É –∏ –ø–æ–ª—å–∑—É–π—Ç–µ—Å—å –≤—ã–≥–æ–¥–∞–º–∏! üí≥"
55,–ö—Ä–µ–¥–∏—Ç–Ω–∞—è –∫–∞—Ä—Ç–∞,"–£–≤–∞–∂–∞–µ–º–∞—è –ê—Å–µ–ª—å, –±–ª–∞–≥–æ–¥–∞—Ä—è –≤–∞—à–∏–º —Ç—Ä–∞—Ç–∞–º –Ω–∞ –ø—Ä–æ–¥—É–∫—Ç—ã, –∫–∞—Ñ–µ –∏ —Ç–∞–∫—Å–∏ –≤—ã –º–æ–∂–µ—Ç–µ –ø–æ–ª—É—á–∏—Ç—å –¥–æ 83 000 ‚Ç∏ –∫–µ—à–±—ç–∫–∞ –≤ –º–µ—Å—è—Ü. –û—Ç–∫—Ä–æ–π—Ç–µ –∫—Ä–µ–¥–∏—Ç–Ω—É—é –∫–∞—Ä—Ç—É –∏ –≤–æ—Å–ø–æ–ª—å–∑—É–π—Ç–µ—Å—å –≤—ã–≥–æ–¥–∞–º–∏ —É–∂–µ —Å–µ–≥–æ–¥–Ω—è! üí≥ –ü–æ–¥—Ä–æ–±–Ω–æ—Å—Ç–∏ –≤ –ø—Ä–∏–ª–æ–∂–µ–Ω–∏–∏."
56,–ö—Ä–µ–¥–∏—Ç–Ω–∞—è –∫–∞—Ä—Ç–∞,"–£–≤–∞–∂–∞–µ–º—ã–π –ù—É—Ä–∫–µ–Ω, —Å –Ω–∞—à–µ–π –∫—Ä–µ–¥–∏—Ç–Ω–æ–π –∫–∞—Ä—Ç–æ–π –≤—ã –º–æ–∂–µ—Ç–µ –≤–µ—Ä–Ω—É—Ç—å –¥–æ 70 000 ‚Ç∏ –µ–∂–µ–º–µ—Å—è—á–Ω–æ –Ω–∞ –ø–æ–∫—É–ø–∫–∏ –≤ –∫–∞—Ç–µ–≥–æ—Ä–∏—è—Ö, –∫–æ—Ç–æ—Ä—ã–µ –≤–∞–º –Ω—Ä–∞–≤—è—Ç—Å—è. –û—Ç–∫—Ä–æ–π—Ç–µ –∫–∞—Ä—Ç—É –∏ –Ω–∞—Å–ª–∞–∂–¥–∞–π—Ç–µ—Å—å –≤—ã–≥–æ–¥–æ–π! üéâ –ü–æ–¥—Ä–æ–±–Ω–æ—Å—Ç–∏ –≤ –ø—Ä–∏–ª–æ–∂–µ–Ω–∏–∏."
57,–ö—Ä–µ–¥–∏—Ç–Ω–∞—è –∫–∞—Ä—Ç–∞,"–£–≤–∞–∂–∞–µ–º–∞—è –ñ–∞–Ω–∏—è, —Å –Ω–∞—à–µ–π –∫—Ä–µ–¥–∏—Ç–Ω–æ–π –∫–∞—Ä—Ç–æ–π –≤—ã –º–æ–∂–µ—Ç–µ –ø–æ–ª—É—á–∞—Ç—å –¥–æ 90 000 ‚Ç∏ –∫–µ—à–±—ç–∫–∞ –≤ –º–µ—Å—è—Ü –Ω–∞ –∫–∞—Ñ–µ, —Ä–µ—Å—Ç–æ—Ä–∞–Ω—ã, –ø—Ä–æ–¥—É–∫—Ç—ã –∏ —Ç–∞–∫—Å–∏. –û—Ñ–æ—Ä–º–∏—Ç–µ –∫–∞—Ä—Ç—É –∏ –Ω–∞—á–Ω–∏—Ç–µ —ç–∫–æ–Ω–æ–º–∏—Ç—å —É–∂–µ —Å–µ–≥–æ–¥–Ω—è! üí≥ –ü–æ–¥—Ä–æ–±–Ω–æ—Å—Ç–∏ –≤ –ø—Ä–∏–ª–æ–∂–µ–Ω–∏–∏."
58,–ö—Ä–µ–¥–∏—Ç–Ω–∞—è –∫–∞—Ä—Ç–∞,"–£–≤–∞–∂–∞–µ–º—ã–π –°—É–ª—Ç–∞–Ω, –Ω–∞ –≤–∞—à–µ–π –∫—Ä–µ–¥–∏—Ç–Ω–æ–π –∫–∞—Ä—Ç–µ –ø—Ä–µ–¥—É—Å–º–æ—Ç—Ä–µ–Ω –∫–µ—à–±—ç–∫ –¥–æ 10% –Ω–∞ –ª—é–±–∏–º—ã–µ –ø–æ–∫—É–ø–∫–∏ –≤ –∫–∞—Ç–µ–≥–æ—Ä–∏—è—Ö –ø—Ä–æ–¥—É–∫—Ç–æ–≤, –∫–∞—Ñ–µ –∏ —Ç–∞–∫—Å–∏. –°—ç–∫–æ–Ω–æ–º—å—Ç–µ –¥–æ 70 000 ‚Ç∏ –≤ –º–µ—Å—è—Ü. –û—Ñ–æ—Ä–º–∏—Ç–µ –∫–∞—Ä—Ç—É –∏ –Ω–∞—Å–ª–∞–∂–¥–∞–π—Ç–µ—Å—å –≤—ã–≥–æ–¥–æ–π! üí≥"
59,–ö—Ä–µ–¥–∏—Ç–Ω–∞—è –∫–∞—Ä—Ç–∞,"–£–≤–∞–∂–∞–µ–º–∞—è –î–∏–Ω–∞—Ä–∞, —Å –Ω–∞—à–µ–π –∫—Ä–µ–¥–∏—Ç–Ω–æ–π –∫–∞—Ä—Ç–æ–π –≤—ã –º–æ–∂–µ—Ç–µ –ø–æ–ª—É—á–∞—Ç—å –¥–æ 92 000 ‚Ç∏ –∫–µ—à–±—ç–∫–∞ –≤ –º–µ—Å—è—Ü –Ω–∞ –ª—é–±–∏–º—ã–µ –∫–∞—Ç–µ–≥–æ—Ä–∏–∏, —Ç–∞–∫–∏–µ –∫–∞–∫ –ø—Ä–æ–¥—É–∫—Ç—ã –∏ –∫–∞—Ñ–µ. –û—Ñ–æ—Ä–º–∏—Ç–µ –∫–∞—Ä—Ç—É –∏ –Ω–∞—á–∏–Ω–∞–π—Ç–µ —ç–∫–æ–Ω–æ–º–∏—Ç—å —É–∂–µ —Å–µ–≥–æ–¥–Ω—è! üåü"
60,–ö—Ä–µ–¥–∏—Ç–Ω–∞—è –∫–∞—Ä—Ç–∞,"–£–≤–∞–∂–∞–µ–º—ã–π –ï—Ä–º–µ–∫, –≤–∞—à–∞ –∫—Ä–µ–¥–∏—Ç–Ω–∞—è –∫–∞—Ä—Ç–∞ –ø–æ–∑–≤–æ–ª—è–µ—Ç –ø–æ–ª—É—á–∞—Ç—å –¥–æ 66 000 ‚Ç∏ –∫–µ—à–±—ç–∫–∞ –Ω–∞ –ª—é–±–∏–º—ã–µ –∫–∞—Ç–µ–≥–æ—Ä–∏–∏: –ø—Ä–æ–¥—É–∫—Ç—ã, –∫–∞—Ñ–µ –∏ —Ç–∞–∫—Å–∏. –≠—Ç–æ –æ—Ç–ª–∏—á–Ω–∞—è –≤–æ–∑–º–æ–∂–Ω–æ—Å—Ç—å —Å—ç–∫–æ–Ω–æ–º–∏—Ç—å! –û—Ç–∫—Ä–æ–π—Ç–µ –∫–∞—Ä—Ç—É –∏ –≤–æ—Å–ø–æ–ª—å–∑—É–π—Ç–µ—Å—å –ø—Ä–µ–∏–º—É—â–µ—Å—Ç–≤–∞–º–∏."
61,–î–µ–ø–æ–∑–∏—Ç –°–±–µ—Ä–µ–≥–∞—Ç–µ–ª—å–Ω—ã–π,"–£–≤–∞–∂–∞–µ–º—ã–π –ê–π–±–µ–∫, —Ä–∞–∑–º–µ—â–∞—è —Å–≤–æ–±–æ–¥–Ω—ã–µ —Å—Ä–µ–¥—Å—Ç–≤–∞ –Ω–∞ —Å–±–µ—Ä–µ–≥–∞—Ç–µ–ª—å–Ω–æ–º –¥–µ–ø–æ–∑–∏—Ç–µ, –≤—ã –º–æ–∂–µ—Ç–µ –ø–æ–ª—É—á–∏—Ç—å –¥–æ 105 000 ‚Ç∏ –≤ –º–µ—Å—è—Ü –ø—Ä–∏ —Å—Ç–∞–≤–∫–µ 16.50% –≥–æ–¥–æ–≤—ã—Ö. –ü–æ–∑–∞–±–æ—Ç—å—Ç–µ—Å—å –æ –±—É–¥—É—â–µ–º ‚Äì –æ—Ç–∫—Ä–æ–π—Ç–µ –≤–∫–ª–∞–¥ —É–∂–µ —Å–µ–≥–æ–¥–Ω—è! üè°"
62,–î–µ–ø–æ–∑–∏—Ç –°–±–µ—Ä–µ–≥–∞—Ç–µ–ª—å–Ω—ã–π,"–£–≤–∞–∂–∞–µ–º—ã–π –ê–π–¥—ã–Ω, –æ—Ç–∫—Ä–æ–π—Ç–µ —Å–±–µ—Ä–µ–≥–∞—Ç–µ–ª—å–Ω—ã–π –¥–µ–ø–æ–∑–∏—Ç –∏ –ø–æ–ª—É—á–∞–π—Ç–µ –¥–æ 50 000 ‚Ç∏ –≤ –º–µ—Å—è—Ü. –≠—Ç–æ –æ—Ç–ª–∏—á–Ω—ã–π —Å–ø–æ—Å–æ–± —Å–æ—Ö—Ä–∞–Ω–∏—Ç—å —Å–≤–æ–∏ —Å—Ä–µ–¥—Å—Ç–≤–∞ –ø–æ–¥ 16,50% –≥–æ–¥–æ–≤—ã—Ö. –ù–∞—á–Ω–∏—Ç–µ –ø—Ä—è–º–æ —Å–µ–π—á–∞—Å! üí∞ –ü–æ–¥—Ä–æ–±–Ω–æ—Å—Ç–∏ –≤ –ø—Ä–∏–ª–æ–∂–µ–Ω–∏–∏."
63,–ö—Ä–µ–¥–∏—Ç–Ω–∞—è –∫–∞—Ä—Ç–∞,"–£–≤–∞–∂–∞–µ–º—ã–π –ê–π–±–µ–∫, –≤–∞—à–∞ –∫—Ä–µ–¥–∏—Ç–Ω–∞—è –∫–∞—Ä—Ç–∞ –≤–µ—Ä–Ω—ë—Ç –¥–æ 36 000 ‚Ç∏ –∫–∞–∂–¥—ã–π –º–µ—Å—è—Ü –Ω–∞ –ª—é–±–∏–º—ã–µ –∫–∞—Ç–µ–≥–æ—Ä–∏–∏: –ø—É—Ç–µ—à–µ—Å—Ç–≤–∏—è, –æ—Ç–µ–ª–∏ –∏ –∫–∞—Ñ–µ. –ü–æ–ª—å–∑—É–π—Ç–µ—Å—å —Ä–∞—Å—Å—Ä–æ—á–∫–æ–π –±–µ–∑ –ø–µ—Ä–µ–ø–ª–∞—Ç! –û—Ç–∫—Ä–æ–π—Ç–µ –∫–∞—Ä—Ç—É –∏ –Ω–∞—Å–ª–∞–∂–¥–∞–π—Ç–µ—Å—å –≤—ã–≥–æ–¥–∞–º–∏! ‚úàÔ∏è"
64,–î–µ–ø–æ–∑–∏—Ç –°–±–µ—Ä–µ–≥–∞—Ç–µ–ª—å–Ω—ã–π,"–£–≤–∞–∂–∞–µ–º–∞—è –í–∏–∫—Ç–æ—Ä–∏—è, –≤–∞—à–∏ —Å–≤–æ–±–æ–¥–Ω—ã–µ —Å—Ä–µ–¥—Å—Ç–≤–∞ ‚âà 8 423 000 ‚Ç∏ –º–æ–≥—É—Ç –ø—Ä–∏–Ω–æ—Å–∏—Ç—å –¥–æ 116 000 ‚Ç∏ –≤ –º–µ—Å—è—Ü –±–ª–∞–≥–æ–¥–∞—Ä—è —Å—Ç–∞–≤–∫–µ 16,50% –≥–æ–¥–æ–≤—ã—Ö. –û—Ç–∫—Ä–æ–π—Ç–µ —Å–±–µ—Ä–µ–≥–∞—Ç–µ–ª—å–Ω—ã–π –¥–µ–ø–æ–∑–∏—Ç –∏ –ø–æ–∑–∞–±–æ—Ç—å—Ç–µ—Å—å –æ –±—É–¥—É—â–µ–º. üíº"
65,–î–µ–ø–æ–∑–∏—Ç –°–±–µ—Ä–µ–≥–∞—Ç–µ–ª—å–Ω—ã–π,"–£–≤–∞–∂–∞–µ–º–∞—è –î–∏–∞–Ω–∞, –≤–∞—à –¥–µ–ø–æ–∑–∏—Ç –ø—Ä–∏–Ω–æ—Å–∏—Ç –≤–∞–º –¥–æ 56 000 ‚Ç∏ –≤—ã–≥–æ–¥—ã –≤ –º–µ—Å—è—Ü –ø—Ä–∏ —Å—Ç–∞–≤–∫–µ 16,50% –≥–æ–¥–æ–≤—ã—Ö. –ù–µ —É–ø—É—Å—Ç–∏—Ç–µ –≤–æ–∑–º–æ–∂–Ω–æ—Å—Ç—å —Å–æ—Ö—Ä–∞–Ω–∏—Ç—å —Å–≤–æ–∏ —Å—Ä–µ–¥—Å—Ç–≤–∞! –û—Ç–∫—Ä–æ–π—Ç–µ —Å–±–µ—Ä–µ–≥–∞—Ç–µ–ª—å–Ω—ã–π –¥–µ–ø–æ–∑–∏—Ç —É–∂–µ —Å–µ–≥–æ–¥–Ω—è. üè¶"
66,–ö—Ä–µ–¥–∏—Ç–Ω–∞—è –∫–∞—Ä—Ç–∞,"–£–≤–∞–∂–∞–µ–º—ã–π –ù—É—Ä—Å—É–ª—Ç–∞–Ω, –ø–æ–ª—å–∑—É—è—Å—å –∫—Ä–µ–¥–∏—Ç–Ω–æ–π –∫–∞—Ä—Ç–æ–π, –≤—ã –º–æ–∂–µ—Ç–µ –ø–æ–ª—É—á–∞—Ç—å –¥–æ 56 000 ‚Ç∏ –∫–µ—à–±—ç–∫–∞ –Ω–∞ —Å–≤–æ–∏ –ª—é–±–∏–º—ã–µ –∫–∞—Ç–µ–≥–æ—Ä–∏–∏: –û—Ç–µ–ª–∏, –ü—É—Ç–µ—à–µ—Å—Ç–≤–∏—è –∏ –ü–æ–¥–∞—Ä–∫–∏. –û—Ñ–æ—Ä–º–∏—Ç–µ –∫–∞—Ä—Ç—É –∏ –Ω–∞—á–Ω–∏—Ç–µ —ç–∫–æ–Ω–æ–º–∏—Ç—å —É–∂–µ —Å–µ–≥–æ–¥–Ω—è! üåü"
67,–î–µ–ø–æ–∑–∏—Ç –°–±–µ—Ä–µ–≥–∞—Ç–µ–ª—å–Ω—ã–π,"–£–≤–∞–∂–∞–µ–º–∞—è –ú–∞–¥–∏–Ω–∞, —Å –¥–µ–ø–æ–∑–∏—Ç–æ–º –°–±–µ—Ä–µ–≥–∞—Ç–µ–ª—å–Ω—ã–º –≤–∞—à–∏ —Å–≤–æ–±–æ–¥–Ω—ã–µ —Å—Ä–µ–¥—Å—Ç–≤–∞ –≤ 3 012 000 ‚Ç∏ –º–æ–≥—É—Ç –ø—Ä–∏–Ω–æ—Å–∏—Ç—å –¥–æ 41 000 ‚Ç∏ –≤ –º–µ—Å—è—Ü –±–ª–∞–≥–æ–¥–∞—Ä—è —Å—Ç–∞–≤–∫–µ 16,50% –≥–æ–¥–æ–≤—ã—Ö. –†–∞—Å—Å–º–æ—Ç—Ä–∏—Ç–µ –≤–æ–∑–º–æ–∂–Ω–æ—Å—Ç—å –æ—Ç–∫—Ä—ã—Ç–∏—è –≤–∫–ª–∞–¥–∞! üåü"
68,–î–µ–ø–æ–∑–∏—Ç –°–±–µ—Ä–µ–≥–∞—Ç–µ–ª—å–Ω—ã–π,"–£–≤–∞–∂–∞–µ–º–∞—è –ñ–∞–Ω–µ–ª—å, —Å –≤–∞—à–∏–º —Å–≤–æ–±–æ–¥–Ω—ã–º –æ—Å—Ç–∞—Ç–∫–æ–º 5 044 000 ‚Ç∏ –∏ —Å—Ç–∞–≤–∫–æ–π 16.50% –≥–æ–¥–æ–≤—ã—Ö, –¥–µ–ø–æ–∑–∏—Ç –º–æ–∂–µ—Ç –ø—Ä–∏–Ω–µ—Å—Ç–∏ –¥–æ 69 000 ‚Ç∏ –≤ –º–µ—Å—è—Ü. –û—Ç–∫—Ä–æ–π—Ç–µ –≤–∫–ª–∞–¥ –∏ –ø–æ–∑–≤–æ–ª—å—Ç–µ —Å–≤–æ–∏–º —Å—Ä–µ–¥—Å—Ç–≤–∞–º —Ä–∞–±–æ—Ç–∞—Ç—å –Ω–∞ –≤–∞—Å! üíº"
69,–î–µ–ø–æ–∑–∏—Ç –°–±–µ—Ä–µ–≥–∞—Ç–µ–ª—å–Ω—ã–π,"–£–≤–∞–∂–∞–µ–º—ã–π –ê–π–±–µ–∫, –≤–∞—à —Å–≤–æ–±–æ–¥–Ω—ã–π –æ—Å—Ç–∞—Ç–æ–∫ —Å–æ—Å—Ç–∞–≤–ª—è–µ—Ç –æ–∫–æ–ª–æ 7 209 000 ‚Ç∏, –∞ —Å—Ç–∞–≤–∫–∞ 16.50% –≥–æ–¥–æ–≤—ã—Ö –ø–æ–º–æ–∂–µ—Ç –Ω–∞–∫–æ–ø–∏—Ç—å –¥–æ 99 000 ‚Ç∏ –∑–∞ –º–µ—Å—è—Ü. –û—Ç–∫—Ä–æ–π—Ç–µ —Å–±–µ—Ä–µ–≥–∞—Ç–µ–ª—å–Ω—ã–π –¥–µ–ø–æ–∑–∏—Ç –∏ –Ω–∞—á–Ω–∏—Ç–µ –∑–∞—Ä–∞–±–∞—Ç—ã–≤–∞—Ç—å —É–∂–µ —Å–µ–≥–æ–¥–Ω—è! üí∞"
70,–î–µ–ø–æ–∑–∏—Ç –°–±–µ—Ä–µ–≥–∞—Ç–µ–ª—å–Ω—ã–π,"–£–≤–∞–∂–∞–µ–º—ã–π –ú–∞–∫—Å–∞—Ç, –≤–∞—à–∏ —Å–≤–æ–±–æ–¥–Ω—ã–µ —Å—Ä–µ–¥—Å—Ç–≤–∞ ‚âà 8 118 000 ‚Ç∏ –º–æ–≥—É—Ç —Ä–∞–±–æ—Ç–∞—Ç—å –Ω–∞ –≤–∞—Å —Å –≤—ã–≥–æ–¥–Ω–æ–π —Å—Ç–∞–≤–∫–æ–π 16.50% –≥–æ–¥–æ–≤—ã—Ö. –≠—Ç–æ –ø—Ä–∏–Ω–µ—Å—ë—Ç –¥–æ 112 000 ‚Ç∏ –≤ –º–µ—Å—è—Ü. –û—Ç–∫—Ä–æ–π—Ç–µ –¥–µ–ø–æ–∑–∏—Ç –∏ —É–≤–µ–ª–∏—á—å—Ç–µ —Å–≤–æ–π –∫–∞–ø–∏—Ç–∞–ª! üíº"
71,–ö—Ä–µ–¥–∏—Ç–Ω–∞—è –∫–∞—Ä—Ç–∞,"–£–≤–∞–∂–∞–µ–º–∞—è –î–∏–∞–Ω–∞, —Å –Ω–∞—à–µ–π –∫—Ä–µ–¥–∏—Ç–Ω–æ–π –∫–∞—Ä—Ç–æ–π –≤—ã –º–æ–∂–µ—Ç–µ –ø–æ–ª—É—á–∞—Ç—å –¥–æ 63 000 ‚Ç∏ –∫–µ—à–±—ç–∫–∞ –Ω–∞ –ø–æ–∫—É–ø–∫–∏ –≤ –∫–∞—Ç–µ–≥–æ—Ä–∏—è—Ö –æ—Ç–µ–ª–µ–π, –ø—É—Ç–µ—à–µ—Å—Ç–≤–∏–π –∏ —Å–ø–∞. –£–¥–æ–±–Ω–∞—è —Ä–∞—Å—Å—Ä–æ—á–∫–∞ –±–µ–∑ –ø–µ—Ä–µ–ø–ª–∞—Ç –ø–æ–º–æ–∂–µ—Ç –≤–∞–º —Å—ç–∫–æ–Ω–æ–º–∏—Ç—å! –û—Ñ–æ—Ä–º–∏—Ç–µ –∫–∞—Ä—Ç—É —É–∂–µ —Å–µ–≥–æ–¥–Ω—è! ‚úàÔ∏è"
72,–î–µ–ø–æ–∑–∏—Ç –°–±–µ—Ä–µ–≥–∞—Ç–µ–ª—å–Ω—ã–π,"–£–≤–∞–∂–∞–µ–º–∞—è –ì—É–ª—å–º–∏—Ä–∞, —Å –Ω–∞—à–∏–º —Å–±–µ—Ä–µ–≥–∞—Ç–µ–ª—å–Ω—ã–º –¥–µ–ø–æ–∑–∏—Ç–æ–º –≤—ã –º–æ–∂–µ—Ç–µ –æ–±–µ—Å–ø–µ—á–∏—Ç—å —Å—Ç–∞–±–∏–ª—å–Ω—ã–π –¥–æ—Ö–æ–¥ –¥–æ 97 000 ‚Ç∏ –≤ –º–µ—Å—è—Ü –ø—Ä–∏ —Å—Ç–∞–≤–∫–µ 16,50% –≥–æ–¥–æ–≤—ã—Ö. –ù–∞—á–Ω–∏—Ç–µ –∫–æ–ø–∏—Ç—å –Ω–∞ —Å–≤–æ–∏ –º–µ—á—Ç—ã! üåç –û—Ç–∫—Ä–æ–π—Ç–µ –≤–∫–ª–∞–¥ —Å–µ–≥–æ–¥–Ω—è."
73,–î–µ–ø–æ–∑–∏—Ç –°–±–µ—Ä–µ–≥–∞—Ç–µ–ª—å–Ω—ã–π,"–£–≤–∞–∂–∞–µ–º—ã–π –°–∞–Ω–∂–∞—Ä, —Å –¥–µ–ø–æ–∑–∏—Ç–æ–º –≤—ã –º–æ–∂–µ—Ç–µ –Ω–∞–∫–æ–ø–∏—Ç—å –¥–æ 72 000 ‚Ç∏ –∑–∞ –º–µ—Å—è—Ü, –∏—Å–ø–æ–ª—å–∑—É—è —Å—Ç–∞–≤–∫—É 16.50%. –≠—Ç–æ –æ—Ç–ª–∏—á–Ω—ã–π —Å–ø–æ—Å–æ–± —É–≤–µ–ª–∏—á–∏—Ç—å —Å–≤–æ–∏ —Å–±–µ—Ä–µ–∂–µ–Ω–∏—è. –û—Ç–∫—Ä–æ–π—Ç–µ –≤–∫–ª–∞–¥ –∏ –Ω–∞—á–Ω–∏—Ç–µ –Ω–∞–∫–∞–ø–ª–∏–≤–∞—Ç—å! üí∞"
74,–ö—Ä–µ–¥–∏—Ç–Ω–∞—è –∫–∞—Ä—Ç–∞,"–£–≤–∞–∂–∞–µ–º–∞—è –ñ–∞–Ω–µ–ª—å, –∏—Å–ø–æ–ª—å–∑—É—è –∫—Ä–µ–¥–∏—Ç–Ω—É—é –∫–∞—Ä—Ç—É, –≤—ã –º–æ–∂–µ—Ç–µ –ø–æ–ª—É—á–∞—Ç—å –¥–æ 43 000 ‚Ç∏ –∫–µ—à–±—ç–∫–∞ –Ω–∞ –≤–∞—à–∏ –ª—é–±–∏–º—ã–µ –∫–∞—Ç–µ–≥–æ—Ä–∏–∏: –ü—É—Ç–µ—à–µ—Å—Ç–≤–∏—è, –û—Ç–µ–ª–∏ –∏ –ê–≤—Ç–æ. –û—Ç–∫—Ä–æ–π—Ç–µ –∫–∞—Ä—Ç—É –∏ –Ω–∞—á–Ω–∏—Ç–µ —ç–∫–æ–Ω–æ–º–∏—Ç—å —É–∂–µ —Å–µ–≥–æ–¥–Ω—è! ‚úàÔ∏è"
75,–ö—Ä–µ–¥–∏—Ç–Ω–∞—è –∫–∞—Ä—Ç–∞,"–£–≤–∞–∂–∞–µ–º—ã–π –ê–π–±–µ–∫, –≤–∞—à–∞ –∫–∞—Ä—Ç–∞ –≤–µ—Ä–Ω—ë—Ç –¥–æ 40 000 ‚Ç∏ –∫–∞–∂–¥—ã–π –º–µ—Å—è—Ü –∑–∞ –ø–æ–∫—É–ø–∫–∏ –≤ –ª—é–±–∏–º—ã—Ö –∫–∞—Ç–µ–≥–æ—Ä–∏—è—Ö: –û—Ç–µ–ª–∏, –ü—É—Ç–µ—à–µ—Å—Ç–≤–∏—è –∏ –Æ–≤–µ–ª–∏—Ä–Ω—ã–µ —É–∫—Ä–∞—à–µ–Ω–∏—è. –û—Ç–∫—Ä–æ–π—Ç–µ –∫–∞—Ä—Ç—É –∏ –Ω–∞—Å–ª–∞–∂–¥–∞–π—Ç–µ—Å—å –≤—ã–≥–æ–¥–∞–º–∏! ‚úàÔ∏è –ü–æ–¥—Ä–æ–±–Ω–æ—Å—Ç–∏ –≤ –ø—Ä–∏–ª–æ–∂–µ–Ω–∏–∏."
76,–î–µ–ø–æ–∑–∏—Ç –°–±–µ—Ä–µ–≥–∞—Ç–µ–ª—å–Ω—ã–π,"–£–≤–∞–∂–∞–µ–º–∞—è –ê—Å–µ–ª—å, –≤–∞—à —Å–≤–æ–±–æ–¥–Ω—ã–π –æ—Å—Ç–∞—Ç–æ–∫ —Å–æ—Å—Ç–∞–≤–ª—è–µ—Ç –æ–∫–æ–ª–æ 7 542 000 ‚Ç∏, –∞ —Å—Ç–∞–≤–∫–∞ –Ω–∞ –Ω–∞—à–µ–º —Å–±–µ—Ä–µ–≥–∞—Ç–µ–ª—å–Ω–æ–º –≤–∫–ª–∞–¥–µ ‚Äî 16,50% –≥–æ–¥–æ–≤—ã—Ö. –≠—Ç–æ –º–æ–∂–µ—Ç –ø—Ä–∏–Ω–µ—Å—Ç–∏ –¥–æ 104 000 ‚Ç∏ –≤ –º–µ—Å—è—Ü. –û—Ç–∫—Ä–æ–π—Ç–µ –≤–∫–ª–∞–¥ –∏ –ø—Ä–∏—É–º–Ω–æ–∂—å—Ç–µ —Å–≤–æ–∏ —Å–±–µ—Ä–µ–∂–µ–Ω–∏—è! üí∞"
77,–î–µ–ø–æ–∑–∏—Ç –°–±–µ—Ä–µ–≥–∞—Ç–µ–ª—å–Ω—ã–π,"–£–≤–∞–∂–∞–µ–º—ã–π –ï—Ä–∞—Å—ã–ª, –≤–∞—à —Å–≤–æ–±–æ–¥–Ω—ã–π –æ—Å—Ç–∞—Ç–æ–∫ 6 105 000 ‚Ç∏ –∏ —Å—Ç–∞–≤–∫–∞ 16,50% –≥–æ–¥–æ–≤—ã—Ö –æ–±–µ—Å–ø–µ—á–∞—Ç –¥–æ—Ö–æ–¥ –¥–æ 84 000 ‚Ç∏ –≤ –º–µ—Å—è—Ü. –ò—Å–ø–æ–ª—å–∑—É–π—Ç–µ —Å—Ä–µ–¥—Å—Ç–≤–∞ —Å –≤—ã–≥–æ–¥–æ–π ‚Äî –æ—Ç–∫—Ä–æ–π—Ç–µ —Å–±–µ—Ä–µ–≥–∞—Ç–µ–ª—å–Ω—ã–π –¥–µ–ø–æ–∑–∏—Ç! üíº"
78,–ö—Ä–µ–¥–∏—Ç–Ω–∞—è –∫–∞—Ä—Ç–∞,"–£–≤–∞–∂–∞–µ–º–∞—è –°–∞–±–∏–Ω–∞, –≤–∞—à–∞ –∫—Ä–µ–¥–∏—Ç–Ω–∞—è –∫–∞—Ä—Ç–∞ –ø—Ä–µ–¥–ª–∞–≥–∞–µ—Ç –¥–æ 53 000 ‚Ç∏ –∫–µ—à–±—ç–∫–∞ –Ω–∞ –æ—Ç–µ–ª–∏, —Å–ø–∞ –∏ –ø—É—Ç–µ—à–µ—Å—Ç–≤–∏—è. –≠—Ç–æ –æ—Ç–ª–∏—á–Ω–∞—è –≤–æ–∑–º–æ–∂–Ω–æ—Å—Ç—å —Å—ç–∫–æ–Ω–æ–º–∏—Ç—å –∏ –≤–æ—Å–ø–æ–ª—å–∑–æ–≤–∞—Ç—å—Å—è —Ä–∞—Å—Å—Ä–æ—á–∫–æ–π –±–µ–∑ –ø–µ—Ä–µ–ø–ª–∞—Ç. –û—Ç–∫—Ä–æ–π—Ç–µ –∫–∞—Ä—Ç—É –∏ –Ω–∞—Å–ª–∞–∂–¥–∞–π—Ç–µ—Å—å! üåü"
79,–ö—Ä–µ–¥–∏—Ç–Ω–∞—è –∫–∞—Ä—Ç–∞,"–£–≤–∞–∂–∞–µ–º–∞—è –ú–∞—Ä–∂–∞–Ω, –≤—ã –∞–∫—Ç–∏–≤–Ω–æ —Ç—Ä–∞—Ç–∏—Ç–µ –Ω–∞ –æ—Ç–µ–ª–∏, –ø—É—Ç–µ—à–µ—Å—Ç–≤–∏—è –∏ –º–µ–¥–∏—Ü–∏–Ω—É. –ü–æ–ª—É—á–∞–π—Ç–µ –¥–æ 32 000 ‚Ç∏ –∫–µ—à–±—ç–∫–∞ –≤ –º–µ—Å—è—Ü –∏ –≤–æ—Å–ø–æ–ª—å–∑—É–π—Ç–µ—Å—å —Ä–∞—Å—Å—Ä–æ—á–∫–æ–π –±–µ–∑ –ø–µ—Ä–µ–ø–ª–∞—Ç. –û—Ç–∫—Ä–æ–π—Ç–µ –∫—Ä–µ–¥–∏—Ç–Ω—É—é –∫–∞—Ä—Ç—É –∏ —ç–∫–æ–Ω–æ–º—å—Ç–µ —É–∂–µ —Å–µ–≥–æ–¥–Ω—è!"
80,–î–µ–ø–æ–∑–∏—Ç –°–±–µ—Ä–µ–≥–∞—Ç–µ–ª—å–Ω—ã–π,"–£–≤–∞–∂–∞–µ–º—ã–π –°–µ—Ä–≥–µ–π, –≤–∞—à –¥–µ–ø–æ–∑–∏—Ç –º–æ–∂–µ—Ç –ø—Ä–∏–Ω–æ—Å–∏—Ç—å –¥–æ 70 000 ‚Ç∏ –≤ –º–µ—Å—è—Ü –±–ª–∞–≥–æ–¥–∞—Ä—è —Å—Ç–∞–≤–∫–µ 16.50% –≥–æ–¥–æ–≤—ã—Ö. –≠—Ç–æ –æ—Ç–ª–∏—á–Ω—ã–π —Å–ø–æ—Å–æ–± —Å–æ—Ö—Ä–∞–Ω–∏—Ç—å –∏ –ø—Ä–∏—É–º–Ω–æ–∂–∏—Ç—å —Å—Ä–µ–¥—Å—Ç–≤–∞. –û—Ç–∫—Ä–æ–π—Ç–µ –≤–∫–ª–∞–¥ –∏ —É–±–µ–¥–∏—Ç–µ—Å—å –≤ —ç—Ç–æ–º! üåü"
81,–ö—Ä–µ–¥–∏—Ç–Ω–∞—è –∫–∞—Ä—Ç–∞,"–£–≤–∞–∂–∞–µ–º–∞—è –ö–∞–º–∏–ª–∞, –±–ª–∞–≥–æ–¥–∞—Ä—è –≤–∞—à–∏–º —Ç—Ä–∞—Ç–∞–º –Ω–∞ –æ—Ç–µ–ª–∏, —Ä–µ–º–æ–Ω—Ç –∏ –∫–æ—Å–º–µ—Ç–∏–∫—É, –≤—ã –º–æ–∂–µ—Ç–µ –ø–æ–ª—É—á–∞—Ç—å –¥–æ 20 000 ‚Ç∏ –∫–µ—à–±—ç–∫–∞ –≤ –º–µ—Å—è—Ü. –û—Ç–∫—Ä–æ–π—Ç–µ –∫—Ä–µ–¥–∏—Ç–Ω—É—é –∫–∞—Ä—Ç—É –∏ –≤–æ—Å–ø–æ–ª—å–∑—É–π—Ç–µ—Å—å –≤–æ–∑–º–æ–∂–Ω–æ—Å—Ç—è–º–∏ —Ä–∞—Å—Å—Ä–æ—á–∫–∏ –±–µ–∑ –ø–µ—Ä–µ–ø–ª–∞—Ç! üè®"
82,–î–µ–ø–æ–∑–∏—Ç –°–±–µ—Ä–µ–≥–∞—Ç–µ–ª—å–Ω—ã–π,"–£–≤–∞–∂–∞–µ–º–∞—è –°–∞—è, –≤–∞—à –≤–∫–ª–∞–¥ –º–æ–∂–µ—Ç –ø—Ä–∏–Ω–µ—Å—Ç–∏ –¥–æ 116 000 ‚Ç∏ –≤ –º–µ—Å—è—Ü –±–ª–∞–≥–æ–¥–∞—Ä—è –≤—ã—Å–æ–∫–æ–π —Å—Ç–∞–≤–∫–µ 16.50% –≥–æ–¥–æ–≤—ã—Ö. –≠—Ç–æ –æ—Ç–ª–∏—á–Ω—ã–π —Å–ø–æ—Å–æ–± —Å–æ—Ö—Ä–∞–Ω–∏—Ç—å –∏ –ø—Ä–∏—É–º–Ω–æ–∂–∏—Ç—å —Å–≤–æ–∏ —Å—Ä–µ–¥—Å—Ç–≤–∞. –û—Ç–∫—Ä–æ–π—Ç–µ –¥–µ–ø–æ–∑–∏—Ç —Å–µ–≥–æ–¥–Ω—è!"
83,–î–µ–ø–æ–∑–∏—Ç –°–±–µ—Ä–µ–≥–∞—Ç–µ–ª—å–Ω—ã–π,"–£–≤–∞–∂–∞–µ–º—ã–π –†—É—Å–ª–∞–Ω, —Å –¥–µ–ø–æ–∑–∏—Ç–æ–º –°–±–µ—Ä–µ–≥–∞—Ç–µ–ª—å–Ω—ã–º –≤—ã –º–æ–∂–µ—Ç–µ —Å–æ—Ö—Ä–∞–Ω–∏—Ç—å –¥–æ 99 000 ‚Ç∏ –µ–∂–µ–º–µ—Å—è—á–Ω–æ –±–ª–∞–≥–æ–¥–∞—Ä—è —Å—Ç–∞–≤–∫–µ 16,50% –≥–æ–¥–æ–≤—ã—Ö. –ù–∞—á–Ω–∏—Ç–µ –ø–ª–∞–Ω–∏—Ä–æ–≤–∞—Ç—å —Å–≤–æ–∏ –ø—É—Ç–µ—à–µ—Å—Ç–≤–∏—è —É–∂–µ —Å–µ–≥–æ–¥–Ω—è! üåç –û—Ç–∫—Ä–æ–π—Ç–µ –≤–∫–ª–∞–¥."
84,–î–µ–ø–æ–∑–∏—Ç –°–±–µ—Ä–µ–≥–∞—Ç–µ–ª—å–Ω—ã–π,"–£–≤–∞–∂–∞–µ–º—ã–π –†–∞–º–∞–∑–∞–Ω, —Å –¥–µ–ø–æ–∑–∏—Ç–æ–º –≤—ã –º–æ–∂–µ—Ç–µ –∑–∞—Ä–∞–±–æ—Ç–∞—Ç—å –¥–æ 79 000 ‚Ç∏ –≤ –º–µ—Å—è—Ü. –≠—Ç–æ –ø–æ–º–æ–∂–µ—Ç —Å–æ—Ö—Ä–∞–Ω–∏—Ç—å –≤–∞—à–∏ —Å—Ä–µ–¥—Å—Ç–≤–∞ —Å –≤—ã–≥–æ–¥–Ω–æ–π —Å—Ç–∞–≤–∫–æ–π 16.50% –≥–æ–¥–æ–≤—ã—Ö. –û—Ç–∫—Ä–æ–π—Ç–µ –≤–∫–ª–∞–¥ –∏ –Ω–∞—á–Ω–∏—Ç–µ –∑–∞—Ä–∞–±–∞—Ç—ã–≤–∞—Ç—å!"
85,–î–µ–ø–æ–∑–∏—Ç –°–±–µ—Ä–µ–≥–∞—Ç–µ–ª—å–Ω—ã–π,"–£–≤–∞–∂–∞–µ–º–∞—è –ê–π–≥–µ—Ä–∏–º, –≤–∞—à —Å–≤–æ–±–æ–¥–Ω—ã–π –æ—Å—Ç–∞—Ç–æ–∫ —Å–æ—Å—Ç–∞–≤–ª—è–µ—Ç –æ–∫–æ–ª–æ 7 413 000 ‚Ç∏, –∞ —Å—Ç–∞–≤–∫–∞ –Ω–∞ –¥–µ–ø–æ–∑–∏—Ç 16,50% –≥–æ–¥–æ–≤—ã—Ö. –≠—Ç–æ –ø–æ–∑–≤–æ–ª–∏—Ç –≤–∞–º –ø–æ–ª—É—á–∏—Ç—å –¥–æ 102 000 ‚Ç∏ –≤ –º–µ—Å—è—Ü. –û—Ç–∫—Ä–æ–π—Ç–µ –≤–∫–ª–∞–¥ –∏ –∑–∞—Ñ–∏–∫—Å–∏—Ä—É–π—Ç–µ —Å–≤–æ—é –≤—ã–≥–æ–¥—É! üí∞"
86,–î–µ–ø–æ–∑–∏—Ç –°–±–µ—Ä–µ–≥–∞—Ç–µ–ª—å–Ω—ã–π,"–£–≤–∞–∂–∞–µ–º—ã–π –ú–∞—Ä–∞–ª, –≤–∞—à –≤–∫–ª–∞–¥ –º–æ–∂–µ—Ç –ø—Ä–∏–Ω–æ—Å–∏—Ç—å –¥–æ 108 000 ‚Ç∏ –≤ –º–µ—Å—è—Ü –ø—Ä–∏ —Å—Ç–∞–≤–∫–µ 16,50% –≥–æ–¥–æ–≤—ã—Ö. –≠—Ç–æ –æ—Ç–ª–∏—á–Ω—ã–π —Å–ø–æ—Å–æ–± —Å–æ—Ö—Ä–∞–Ω–∏—Ç—å –∏ –ø—Ä–∏—É–º–Ω–æ–∂–∏—Ç—å —Å—Ä–µ–¥—Å—Ç–≤–∞. –û—Ç–∫—Ä–æ–π—Ç–µ –¥–µ–ø–æ–∑–∏—Ç —É–∂–µ —Å–µ–≥–æ–¥–Ω—è! üìà –ü–æ–¥—Ä–æ–±–Ω–æ—Å—Ç–∏ –≤ –ø—Ä–∏–ª–æ–∂–µ–Ω–∏–∏."
87,–î–µ–ø–æ–∑–∏—Ç –°–±–µ—Ä–µ–≥–∞—Ç–µ–ª—å–Ω—ã–π,"–£–≤–∞–∂–∞–µ–º—ã–π –ï—Ä–∞—Å—ã–ª! –í–∞—à–∏ —Å–≤–æ–±–æ–¥–Ω—ã–µ —Å—Ä–µ–¥—Å—Ç–≤–∞ ‚âà 3 363 000 ‚Ç∏ –º–æ–≥—É—Ç –ø—Ä–∏–Ω–æ—Å–∏—Ç—å –≤–∞–º –¥–æ 46 000 ‚Ç∏ –≤ –º–µ—Å—è—Ü —Å –¥–µ–ø–æ–∑–∏—Ç–æ–º –ø–æ —Å—Ç–∞–≤–∫–µ 16,50% –≥–æ–¥–æ–≤—ã—Ö. –ù–∞—á–Ω–∏—Ç–µ —ç–∫–æ–Ω–æ–º–∏—Ç—å —É–∂–µ —Å–µ–≥–æ–¥–Ω—è! üí∞ –ü–æ–¥—Ä–æ–±–Ω–æ—Å—Ç–∏ –≤ –ø—Ä–∏–ª–æ–∂–µ–Ω–∏–∏."
88,–î–µ–ø–æ–∑–∏—Ç –°–±–µ—Ä–µ–≥–∞—Ç–µ–ª—å–Ω—ã–π,"–£–≤–∞–∂–∞–µ–º—ã–π –ú–∞–∫—Å–∞—Ç, –≤–∞—à —Å–≤–æ–±–æ–¥–Ω—ã–π –æ—Å—Ç–∞—Ç–æ–∫ –æ–∫–æ–ª–æ 7 966 000 ‚Ç∏ –º–æ–∂–µ—Ç –ø—Ä–∏–Ω–µ—Å—Ç–∏ –¥–æ 110 000 ‚Ç∏ –≤ –º–µ—Å—è—Ü –±–ª–∞–≥–æ–¥–∞—Ä—è —Å—Ç–∞–≤–∫–µ 16,50% –≥–æ–¥–æ–≤—ã—Ö. –†–∞—Å—Å–º–æ—Ç—Ä–∏—Ç–µ –≤–æ–∑–º–æ–∂–Ω–æ—Å—Ç—å –æ—Ç–∫—Ä—ã—Ç–∏—è —Å–±–µ—Ä–µ–≥–∞—Ç–µ–ª—å–Ω–æ–≥–æ –¥–µ–ø–æ–∑–∏—Ç–∞."
89,–î–µ–ø–æ–∑–∏—Ç –°–±–µ—Ä–µ–≥–∞—Ç–µ–ª—å–Ω—ã–π,"–£–≤–∞–∂–∞–µ–º—ã–π –¢–µ–º–∏—Ä–ª–∞–Ω, —Å–æ—Ö—Ä–∞–Ω—è–π—Ç–µ –¥–æ 102 000 ‚Ç∏ –µ–∂–µ–º–µ—Å—è—á–Ω–æ —Å –¥–µ–ø–æ–∑–∏—Ç–æ–º –°–±–µ—Ä–µ–≥–∞—Ç–µ–ª—å–Ω—ã–º, –ø—Ä–µ–¥–ª–∞–≥–∞—é—â–∏–º —Å—Ç–∞–≤–∫—É 16,50% –≥–æ–¥–æ–≤—ã—Ö. –≠—Ç–æ –æ—Ç–ª–∏—á–Ω—ã–π —Å–ø–æ—Å–æ–± –ø—Ä–∏—É–º–Ω–æ–∂–∏—Ç—å —Å–≤–æ–∏ —Å—Ä–µ–¥—Å—Ç–≤–∞. –†–∞—Å—Å–º–æ—Ç—Ä–∏—Ç–µ –≤–æ–∑–º–æ–∂–Ω–æ—Å—Ç—å –æ—Ç–∫—Ä—ã—Ç–∏—è –≤–∫–ª–∞–¥–∞."
90,–ö—Ä–µ–¥–∏—Ç–Ω–∞—è –∫–∞—Ä—Ç–∞,"–£–≤–∞–∂–∞–µ–º—ã–π –ú–∞–∫—Å–∞—Ç, –≤—ã –º–æ–∂–µ—Ç–µ –ø–æ–ª—É—á–∞—Ç—å –¥–æ 41 000 ‚Ç∏ –∫–µ—à–±—ç–∫–∞ –≤ –º–µ—Å—è—Ü –Ω–∞ –ø–æ–µ–∑–¥–∫–∏, –æ—Ç–µ–ª–∏ –∏ –∫–∏–Ω–æ. –≠—Ç–æ –æ—Ç–ª–∏—á–Ω–∞—è –≤–æ–∑–º–æ–∂–Ω–æ—Å—Ç—å —Å—ç–∫–æ–Ω–æ–º–∏—Ç—å –Ω–∞ –ª—é–±–∏–º—ã—Ö —É–≤–ª–µ—á–µ–Ω–∏—è—Ö. –û—Ñ–æ—Ä–º–∏—Ç–µ –∫—Ä–µ–¥–∏—Ç–Ω—É—é –∫–∞—Ä—Ç—É —É–∂–µ —Å–µ–≥–æ–¥–Ω—è! üåç"
91,–î–µ–ø–æ–∑–∏—Ç –°–±–µ—Ä–µ–≥–∞—Ç–µ–ª—å–Ω—ã–π,"–£–≤–∞–∂–∞–µ–º—ã–π –°—Ç–µ–ø–∞–Ω, –≤–∞—à —Å–≤–æ–±–æ–¥–Ω—ã–π –æ—Å—Ç–∞—Ç–æ–∫ –æ–∫–æ–ª–æ 6 668 000 ‚Ç∏ –∏ —Å—Ç–∞–≤–∫–∞ 16,50% –≥–æ–¥–æ–≤—ã—Ö –ø–æ–º–æ–≥—É—Ç –≤–∞–º –∑–∞—Ä–∞–±–æ—Ç–∞—Ç—å –¥–æ 92 000 ‚Ç∏ –≤ –º–µ—Å—è—Ü. –û—Ç–∫—Ä–æ–π—Ç–µ —Å–±–µ—Ä–µ–≥–∞—Ç–µ–ª—å–Ω—ã–π –¥–µ–ø–æ–∑–∏—Ç –∏ –Ω–∞—á–Ω–∏—Ç–µ –∫–æ–ø–∏—Ç—å —É–∂–µ —Å–µ–≥–æ–¥–Ω—è! üí∞"
92,–î–µ–ø–æ–∑–∏—Ç –°–±–µ—Ä–µ–≥–∞—Ç–µ–ª—å–Ω—ã–π,"–£–≤–∞–∂–∞–µ–º–∞—è –ù–∞–¥–µ–∂–¥–∞, –Ω–∞ –≤–∞—à–µ–º —Å—á–µ—Ç–µ —Å–≤–æ–±–æ–¥–Ω—ã–µ —Å—Ä–µ–¥—Å—Ç–≤–∞ ‚âà 7 357 000 ‚Ç∏. –° –¥–µ–ø–æ–∑–∏—Ç–æ–º –ø–æ —Å—Ç–∞–≤–∫–µ 16,50% –≥–æ–¥–æ–≤—ã—Ö –≤—ã –º–æ–∂–µ—Ç–µ –ø–æ–ª—É—á–∏—Ç—å –¥–æ 101 000 ‚Ç∏ –≤ –º–µ—Å—è—Ü. –û—Ç–∫—Ä–æ–π—Ç–µ –≤–∫–ª–∞–¥ –∏ –Ω–∞—á–Ω–∏—Ç–µ –∑–∞—Ä–∞–±–∞—Ç—ã–≤–∞—Ç—å —É–∂–µ —Å–µ–≥–æ–¥–Ω—è! üí∞"
93,–î–µ–ø–æ–∑–∏—Ç –°–±–µ—Ä–µ–≥–∞—Ç–µ–ª—å–Ω—ã–π,"–£–≤–∞–∂–∞–µ–º–∞—è –ú–∞—Ä–∂–∞–Ω, –≤–∞—à —Å–≤–æ–±–æ–¥–Ω—ã–π –æ—Å—Ç–∞—Ç–æ–∫ ‚âà 7 739 000 ‚Ç∏ –º–æ–∂–µ—Ç –ø—Ä–∏–Ω–æ—Å–∏—Ç—å –¥–æ—Ö–æ–¥ –¥–æ 106 000 ‚Ç∏ –≤ –º–µ—Å—è—Ü –±–ª–∞–≥–æ–¥–∞—Ä—è —Å—Ç–∞–≤–∫–µ 16,50% –≥–æ–¥–æ–≤—ã—Ö. –û—Ç–∫—Ä–æ–π—Ç–µ —Å–±–µ—Ä–µ–≥–∞—Ç–µ–ª—å–Ω—ã–π –¥–µ–ø–æ–∑–∏—Ç –∏ –Ω–∞—á–Ω–∏—Ç–µ –∑–∞—Ä–∞–±–∞—Ç—ã–≤–∞—Ç—å —É–∂–µ —Å–µ–≥–æ–¥–Ω—è! üåü"
94,–î–µ–ø–æ–∑–∏—Ç –°–±–µ—Ä–µ–≥–∞—Ç–µ–ª—å–Ω—ã–π,"–£–≤–∞–∂–∞–µ–º–∞—è –ê—Ä—É–∂–∞–Ω, –≤–∞—à —Å–≤–æ–±–æ–¥–Ω—ã–π –æ—Å—Ç–∞—Ç–æ–∫ —Å–æ—Å—Ç–∞–≤–ª—è–µ—Ç –ø—Ä–∏–º–µ—Ä–Ω–æ 7 853 000 ‚Ç∏. –° –ø–æ–º–æ—â—å—é –Ω–∞—à–µ–≥–æ –°–±–µ—Ä–µ–≥–∞—Ç–µ–ª—å–Ω–æ–≥–æ –¥–µ–ø–æ–∑–∏—Ç–∞ –≤—ã –º–æ–∂–µ—Ç–µ –∑–∞—Ä–∞–±–æ—Ç–∞—Ç—å –¥–æ 108 000 ‚Ç∏ –≤ –º–µ—Å—è—Ü. –û—Ç–∫—Ä–æ–π—Ç–µ –≤–∫–ª–∞–¥ –∏ –ø—Ä–∏—É–º–Ω–æ–∂—å—Ç–µ —Å–≤–æ–∏ —Å–±–µ—Ä–µ–∂–µ–Ω–∏—è! üí∞"
95,–î–µ–ø–æ–∑–∏—Ç –°–±–µ—Ä–µ–≥–∞—Ç–µ–ª—å–Ω—ã–π,"–£–≤–∞–∂–∞–µ–º—ã–π –ù—É—Ä—Å—É–ª—Ç–∞–Ω, –≤–∞—à —Å–≤–æ–±–æ–¥–Ω—ã–π –æ—Å—Ç–∞—Ç–æ–∫ —Å–æ—Å—Ç–∞–≤–ª—è–µ—Ç –æ–∫–æ–ª–æ 3 899 000 ‚Ç∏, –∞ —Å—Ç–∞–≤–∫–∞ 16,50% –≥–æ–¥–æ–≤—ã—Ö –ø–æ–∑–≤–æ–ª–∏—Ç –≤–∞–º –∑–∞—Ä–∞–±–æ—Ç–∞—Ç—å –¥–æ 54 000 ‚Ç∏ –≤ –º–µ—Å—è—Ü. –û—Ç–∫—Ä–æ–π—Ç–µ —Å–±–µ—Ä–µ–≥–∞—Ç–µ–ª—å–Ω—ã–π –¥–µ–ø–æ–∑–∏—Ç –∏ –Ω–∞—á–Ω–∏—Ç–µ –∑–∞—Ä–∞–±–∞—Ç—ã–≤–∞—Ç—å! üí∞"
96,–ö—Ä–µ–¥–∏—Ç–Ω–∞—è –∫–∞—Ä—Ç–∞,"–£–≤–∞–∂–∞–µ–º—ã–π –°—Ç–µ–ø–∞–Ω, —Å –∫—Ä–µ–¥–∏—Ç–Ω–æ–π –∫–∞—Ä—Ç–æ–π –≤—ã –º–æ–∂–µ—Ç–µ –ø–æ–ª—É—á–∏—Ç—å –¥–æ 56 000 ‚Ç∏ –∫–µ—à–±—ç–∫–∞ –≤ –º–µ—Å—è—Ü –Ω–∞ –ª—é–±–∏–º—ã–µ –∫–∞—Ç–µ–≥–æ—Ä–∏–∏: –ü—É—Ç–µ—à–µ—Å—Ç–≤–∏—è, –¶–≤–µ—Ç—ã, –û—Ç–µ–ª–∏. –ü–æ—Ç–æ—Ä–æ–ø–∏—Ç–µ—Å—å –æ—Ç–∫—Ä—ã—Ç—å –∫–∞—Ä—Ç—É –∏ –Ω–∞—Å–ª–∞–∂–¥–∞–π—Ç–µ—Å—å –≤—ã–≥–æ–¥–∞–º–∏! ‚úàÔ∏è"
97,–ö—Ä–µ–¥–∏—Ç–Ω–∞—è –∫–∞—Ä—Ç–∞,"–£–≤–∞–∂–∞–µ–º—ã–π –°–∞–Ω–∂–∞—Ä! –ü–æ—Ä–∞–¥—É–π—Ç–µ —Å–µ–±—è –∫–µ—à–±—ç–∫–æ–º –¥–æ 10% –Ω–∞ –ª—é–±–∏–º—ã–µ –ø–æ–∫—É–ø–∫–∏: –û—Ç–µ–ª–∏, –†–µ–º–æ–Ω—Ç –¥–æ–º–∞ –∏ –ü–∏—Ç–æ–º—Ü—ã. –°—ç–∫–æ–Ω–æ–º—å—Ç–µ –¥–æ 42 000 ‚Ç∏ –≤ –º–µ—Å—è—Ü. –û—Ñ–æ—Ä–º–∏—Ç–µ –∫—Ä–µ–¥–∏—Ç–Ω—É—é –∫–∞—Ä—Ç—É –∏ –Ω–∞—Å–ª–∞–∂–¥–∞–π—Ç–µ—Å—å –≤—ã–≥–æ–¥–æ–π! üè®"
98,–î–µ–ø–æ–∑–∏—Ç –°–±–µ—Ä–µ–≥–∞—Ç–µ–ª—å–Ω—ã–π,"–£–≤–∞–∂–∞–µ–º–∞—è –î–∞—Ä—å—è, –≤–∞—à —Å–≤–æ–±–æ–¥–Ω—ã–π –æ—Å—Ç–∞—Ç–æ–∫ —Å–æ—Å—Ç–∞–≤–ª—è–µ—Ç –æ–∫–æ–ª–æ 4 688 000 ‚Ç∏, –∞ —Å—Ç–∞–≤–∫–∞ 16,50% –≥–æ–¥–æ–≤—ã—Ö –Ω–∞ —Å–±–µ—Ä–µ–≥–∞—Ç–µ–ª—å–Ω–æ–º –¥–µ–ø–æ–∑–∏—Ç–µ –º–æ–∂–µ—Ç –ø—Ä–∏–Ω–µ—Å—Ç–∏ –¥–æ 64 000 ‚Ç∏ –≤ –º–µ—Å—è—Ü. –†–∞—Å—Å–º–æ—Ç—Ä–∏—Ç–µ –≤–æ–∑–º–æ–∂–Ω–æ—Å—Ç—å –æ—Ç–∫—Ä—ã—Ç—å –≤–∫–ª–∞–¥!"
99,–î–µ–ø–æ–∑–∏—Ç –°–±–µ—Ä–µ–≥–∞—Ç–µ–ª—å–Ω—ã–π,"–£–≤–∞–∂–∞–µ–º–∞—è –ò—Ä–∏–Ω–∞, —Ö–æ—Ç–∏—Ç–µ –ø–æ–ª—É—á–∞—Ç—å –¥–æ 75 000 ‚Ç∏ –≤ –º–µ—Å—è—Ü –Ω–∞ –¥–µ–ø–æ–∑–∏—Ç? –° –≤–∞—à–∏–º —Å–≤–æ–±–æ–¥–Ω—ã–º –æ—Å—Ç–∞—Ç–∫–æ–º –∏ —Å—Ç–∞–≤–∫–æ–π 16,50% –≥–æ–¥–æ–≤—ã—Ö —ç—Ç–æ —Ä–µ–∞–ª—å–Ω–æ. –û—Ç–∫—Ä–æ–π—Ç–µ –≤–∫–ª–∞–¥ –∏ –Ω–∞—á–Ω–∏—Ç–µ –∑–∞—Ä–∞–±–∞—Ç—ã–≤–∞—Ç—å —É–∂–µ —Å–µ–≥–æ–¥–Ω—è! üå∏"
100,–î–µ–ø–æ–∑–∏—Ç –°–±–µ—Ä–µ–≥–∞—Ç–µ–ª—å–Ω—ã–π,"–£–≤–∞–∂–∞–µ–º—ã–π –ê–¥–∏–ª—å, –≤–∞—à —Å–≤–æ–±–æ–¥–Ω—ã–π –æ—Å—Ç–∞—Ç–æ–∫ —Å–æ—Å—Ç–∞–≤–ª—è–µ—Ç –æ–∫–æ–ª–æ 9 428 000 ‚Ç∏, —á—Ç–æ –¥–∞–µ—Ç –≤–æ–∑–º–æ–∂–Ω–æ—Å—Ç—å –æ—Ç–∫—Ä—ã—Ç—å —Å–±–µ—Ä–µ–≥–∞—Ç–µ–ª—å–Ω—ã–π –¥–µ–ø–æ–∑–∏—Ç —Å –ø—Ä–∏–≤–ª–µ–∫–∞—Ç–µ–ª—å–Ω–æ–π —Å—Ç–∞–≤–∫–æ–π 16,50% –≥–æ–¥–æ–≤—ã—Ö. –≠—Ç–æ –ø–æ–º–æ–∂–µ—Ç –≤–∞–º –∑–∞—Ä–∞–±–æ—Ç–∞—Ç—å –¥–æ 130 000 ‚Ç∏ –≤ –º–µ—Å—è—Ü."
101,–î–µ–ø–æ–∑–∏—Ç –°–±–µ—Ä–µ–≥–∞—Ç–µ–ª—å–Ω—ã–π,"–£–≤–∞–∂–∞–µ–º—ã–π –ê–π—Å—É–ª—Ç–∞–Ω, –≤–∞—à–∏ —Å–≤–æ–±–æ–¥–Ω—ã–µ —Å—Ä–µ–¥—Å—Ç–≤–∞ –Ω–∞ —Å—á–µ—Ç–µ ‚âà 2 107 000 ‚Ç∏ –º–æ–≥—É—Ç –ø—Ä–∏–Ω–æ—Å–∏—Ç—å –¥–æ 29 000 ‚Ç∏ –≤ –º–µ—Å—è—Ü –±–ª–∞–≥–æ–¥–∞—Ä—è —Å—Ç–∞–≤–∫–µ 16,50% –≥–æ–¥–æ–≤—ã—Ö. –û—Ç–∫—Ä–æ–π—Ç–µ –¥–µ–ø–æ–∑–∏—Ç –∏ –∏—Å–ø–æ–ª—å–∑—É–π—Ç–µ —Å–≤–æ–∏ –¥–µ–Ω—å–≥–∏ —Å –≤—ã–≥–æ–¥–æ–π! üí∞"
102,–ö—Ä–µ–¥–∏—Ç–Ω–∞—è –∫–∞—Ä—Ç–∞,"–£–≤–∞–∂–∞–µ–º–∞—è –ê–ª–∏—è, —Å –Ω–∞—à–µ–π –∫—Ä–µ–¥–∏—Ç–Ω–æ–π –∫–∞—Ä—Ç–æ–π –≤—ã –º–æ–∂–µ—Ç–µ –ø–æ–ª—É—á–∞—Ç—å –¥–æ 70 000 ‚Ç∏ –∫–µ—à–±—ç–∫–∞ –Ω–∞ –ø—É—Ç–µ—à–µ—Å—Ç–≤–∏—è, –æ—Ç–µ–ª–∏ –∏ –∫–∏–Ω–æ. –û—Ñ–æ—Ä–º–∏—Ç–µ –∫–∞—Ä—Ç—É —É–∂–µ —Å–µ–≥–æ–¥–Ω—è –∏ –ø–æ–ª—å–∑—É–π—Ç–µ—Å—å –≤—ã–≥–æ–¥–æ–π! ‚úàÔ∏è –ü–æ–¥—Ä–æ–±–Ω–æ—Å—Ç–∏ –≤ –ø—Ä–∏–ª–æ–∂–µ–Ω–∏–∏."
103,–î–µ–ø–æ–∑–∏—Ç –°–±–µ—Ä–µ–≥–∞—Ç–µ–ª—å–Ω—ã–π,"–£–≤–∞–∂–∞–µ–º–∞—è –ù–∞–¥–µ–∂–¥–∞, –≤–∞—à —Å–±–µ—Ä–µ–≥–∞—Ç–µ–ª—å–Ω—ã–π –¥–µ–ø–æ–∑–∏—Ç –ø—Ä–∏–Ω–æ—Å–∏—Ç –¥–æ 36 000 ‚Ç∏ –≤ –º–µ—Å—è—Ü. –≠—Ç–æ –æ—Ç–ª–∏—á–Ω–∞—è –≤–æ–∑–º–æ–∂–Ω–æ—Å—Ç—å —Å–æ—Ö—Ä–∞–Ω–∏—Ç—å –∏ –ø—Ä–∏—É–º–Ω–æ–∂–∏—Ç—å —Å—Ä–µ–¥—Å—Ç–≤–∞, —É—á–∏—Ç—ã–≤–∞—è —Å—Ç–∞–≤–∫—É 16.50% –≥–æ–¥–æ–≤—ã—Ö. –û—Ç–∫—Ä–æ–π—Ç–µ –≤–∫–ª–∞–¥ –∏ –Ω–∞—á–Ω–∏—Ç–µ —ç–∫–æ–Ω–æ–º–∏—Ç—å! üí∞"
104,–ö—Ä–µ–¥–∏—Ç–Ω–∞—è –∫–∞—Ä—Ç–∞,"–£–≤–∞–∂–∞–µ–º—ã–π –ú–∞—Ä–∞–ª, –≤—ã —Å–º–æ–∂–µ—Ç–µ —Å—ç–∫–æ–Ω–æ–º–∏—Ç—å –¥–æ 37 000 ‚Ç∏ –≤ –º–µ—Å—è—Ü –Ω–∞ –ª—é–±–∏–º—ã—Ö –∫–∞—Ç–µ–≥–æ—Ä–∏—è—Ö: –û—Ç–µ–ª–∏, –ü—É—Ç–µ—à–µ—Å—Ç–≤–∏—è, –ö–Ω–∏–≥–∏. –ö —Ç–æ–º—É –∂–µ, —É –Ω–∞—Å –µ—Å—Ç—å —Ä–∞—Å—Å—Ä–æ—á–∫–∞ –±–µ–∑ –ø–µ—Ä–µ–ø–ª–∞—Ç! –û—Ñ–æ—Ä–º–∏—Ç–µ –∫—Ä–µ–¥–∏—Ç–Ω—É—é –∫–∞—Ä—Ç—É –∏ –Ω–∞—á–Ω–∏—Ç–µ —ç–∫–æ–Ω–æ–º–∏—Ç—å! üè®"
105,–î–µ–ø–æ–∑–∏—Ç –°–±–µ—Ä–µ–≥–∞—Ç–µ–ª—å–Ω—ã–π,"–£–≤–∞–∂–∞–µ–º—ã–π –ú–∞–∫—Å–∞—Ç, —Å –Ω–∞—à–∏–º —Å–±–µ—Ä–µ–≥–∞—Ç–µ–ª—å–Ω—ã–º –¥–µ–ø–æ–∑–∏—Ç–æ–º –≤—ã –º–æ–∂–µ—Ç–µ –ø–æ–ª—É—á–∏—Ç—å –¥–æ 88 000 ‚Ç∏ –≤ –º–µ—Å—è—Ü –±–ª–∞–≥–æ–¥–∞—Ä—è —Å—Ç–∞–≤–∫–µ 16,50% –≥–æ–¥–æ–≤—ã—Ö. –≠—Ç–æ –æ—Ç–ª–∏—á–Ω–∞—è –≤–æ–∑–º–æ–∂–Ω–æ—Å—Ç—å —É–≤–µ–ª–∏—á–∏—Ç—å –≤–∞—à —Å–≤–æ–±–æ–¥–Ω—ã–π –æ—Å—Ç–∞—Ç–æ–∫. –û—Ç–∫—Ä–æ–π—Ç–µ –≤–∫–ª–∞–¥ —Å–µ–≥–æ–¥–Ω—è!"
106,–î–µ–ø–æ–∑–∏—Ç –°–±–µ—Ä–µ–≥–∞—Ç–µ–ª—å–Ω—ã–π,"–£–≤–∞–∂–∞–µ–º—ã–π –ï—Ä–∞—Å—ã–ª, —Å –¥–µ–ø–æ–∑–∏—Ç–æ–º –≤—ã –º–æ–∂–µ—Ç–µ —Å—ç–∫–æ–Ω–æ–º–∏—Ç—å –¥–æ 70 000 ‚Ç∏ –≤ –º–µ—Å—è—Ü –±–ª–∞–≥–æ–¥–∞—Ä—è —Å—Ç–∞–≤–∫–µ 16,50% –≥–æ–¥–æ–≤—ã—Ö. –ù–∞—á–Ω–∏—Ç–µ –∫–æ–ø–∏—Ç—å —É–∂–µ —Å–µ–≥–æ–¥–Ω—è –∏ –æ–±–µ—Å–ø–µ—á—å—Ç–µ —Å–µ–±–µ —Ñ–∏–Ω–∞–Ω—Å–æ–≤—É—é –ø–æ–¥—É—à–∫—É! üí∞ –ü–æ–¥—Ä–æ–±–Ω–æ—Å—Ç–∏ –≤ –ø—Ä–∏–ª–æ–∂–µ–Ω–∏–∏."
107,–ö—Ä–µ–¥–∏—Ç–Ω–∞—è –∫–∞—Ä—Ç–∞,"–£–≤–∞–∂–∞–µ–º–∞—è –î–∞—Ä—å—è, –≤—ã —á–∞—Å—Ç–æ –ø–æ–∫—É–ø–∞–µ—Ç–µ —Ç–æ–≤–∞—Ä—ã –≤ –∫–∞—Ç–µ–≥–æ—Ä–∏—è—Ö –ü—É—Ç–µ—à–µ—Å—Ç–≤–∏—è, –û—Ç–µ–ª–∏ –∏ –û–¥–µ–∂–¥–∞. –° –Ω–∞—à–µ–π –∫—Ä–µ–¥–∏—Ç–Ω–æ–π –∫–∞—Ä—Ç–æ–π –≤—ã –º–æ–∂–µ—Ç–µ –ø–æ–ª—É—á–∞—Ç—å –¥–æ 65 000 ‚Ç∏ –∫–µ—à–±—ç–∫–∞ –µ–∂–µ–º–µ—Å—è—á–Ω–æ. –û—Ç–∫—Ä–æ–π—Ç–µ –∫–∞—Ä—Ç—É –∏ –Ω–∞—á–∏–Ω–∞–π—Ç–µ —ç–∫–æ–Ω–æ–º–∏—Ç—å! ‚úàÔ∏è"
108,–ö—Ä–µ–¥–∏—Ç–Ω–∞—è –∫–∞—Ä—Ç–∞,"–£–≤–∞–∂–∞–µ–º—ã–π –°–∞–Ω–∂–∞—Ä, –≤–∞—à–∞ –ª—é–±–æ–≤—å –∫ –ø—É—Ç–µ—à–µ—Å—Ç–≤–∏—è–º –∏ –ø–æ–∫—É–ø–∫–∞–º –º–µ–±–µ–ª–∏ –º–æ–∂–µ—Ç –ø—Ä–∏–Ω–µ—Å—Ç–∏ –≤–∞–º –¥–æ 62 000 ‚Ç∏ –∫–µ—à–±—ç–∫–∞ –≤ –º–µ—Å—è—Ü. –û—Ñ–æ—Ä–º–∏—Ç–µ –∫—Ä–µ–¥–∏—Ç–Ω—É—é –∫–∞—Ä—Ç—É –∏ –ø–æ–ª—É—á–∞–π—Ç–µ –≤—ã–≥–æ–¥—É –æ—Ç –ª—é–±–∏–º—ã—Ö –∫–∞—Ç–µ–≥–æ—Ä–∏–π! ‚úàÔ∏è –ü–æ–¥—Ä–æ–±–Ω–æ—Å—Ç–∏ –≤ –ø—Ä–∏–ª–æ–∂–µ–Ω–∏–∏."
109,–î–µ–ø–æ–∑–∏—Ç –°–±–µ—Ä–µ–≥–∞—Ç–µ–ª—å–Ω—ã–π,"–£–≤–∞–∂–∞–µ–º—ã–π –ê–ª–µ–∫—Å–µ–π, —Å –Ω–∞—à–∏–º —Å–±–µ—Ä–µ–≥–∞—Ç–µ–ª—å–Ω—ã–º –¥–µ–ø–æ–∑–∏—Ç–æ–º –≤—ã –º–æ–∂–µ—Ç–µ –∑–∞—Ä–∞–±–∞—Ç—ã–≤–∞—Ç—å –¥–æ 101 000 ‚Ç∏ –≤ –º–µ—Å—è—Ü –±–ª–∞–≥–æ–¥–∞—Ä—è —Å—Ç–∞–≤–∫–µ 16,50% –≥–æ–¥–æ–≤—ã—Ö. –û—Ç–∫—Ä–æ–π—Ç–µ –≤–∫–ª–∞–¥ –∏ –ø–æ–∑–≤–æ–ª—å—Ç–µ —Å–≤–æ–∏–º —Å–±–µ—Ä–µ–∂–µ–Ω–∏—è–º —Ä–∞–±–æ—Ç–∞—Ç—å –Ω–∞ –≤–∞—Å! üí∞"
110,–î–µ–ø–æ–∑–∏—Ç –°–±–µ—Ä–µ–≥–∞—Ç–µ–ª—å–Ω—ã–π,"–£–≤–∞–∂–∞–µ–º–∞—è –ê—Ä—É–∂–∞–Ω, –≤–∞—à –¥–µ–ø–æ–∑–∏—Ç –º–æ–∂–µ—Ç –ø—Ä–∏–Ω–æ—Å–∏—Ç—å –¥–æ 70 000 ‚Ç∏ –≤ –º–µ—Å—è—Ü –±–ª–∞–≥–æ–¥–∞—Ä—è —Å—Ç–∞–≤–∫–µ 16.50% –≥–æ–¥–æ–≤—ã—Ö. –ü–æ–∑–∞–±–æ—Ç—å—Ç–µ—Å—å –æ —Å–≤–æ–µ–º –±—é–¥–∂–µ—Ç–µ –∏ –æ—Ç–∫—Ä–æ–π—Ç–µ —Å–±–µ—Ä–µ–≥–∞—Ç–µ–ª—å–Ω—ã–π –≤–∫–ª–∞–¥ —É–∂–µ —Å–µ–≥–æ–¥–Ω—è! üíº –ü–æ–¥—Ä–æ–±–Ω–æ—Å—Ç–∏ –≤ –ø—Ä–∏–ª–æ–∂–µ–Ω–∏–∏."
111,–î–µ–ø–æ–∑–∏—Ç –°–±–µ—Ä–µ–≥–∞—Ç–µ–ª—å–Ω—ã–π,"–£–≤–∞–∂–∞–µ–º—ã–π –ö–∏—Ä–∏–ª–ª, –≤–∞—à –≤–∫–ª–∞–¥ –º–æ–∂–µ—Ç –ø—Ä–∏–Ω–µ—Å—Ç–∏ –¥–æ 60 000 ‚Ç∏ –µ–∂–µ–º–µ—Å—è—á–Ω–æ. –≠—Ç–æ –æ—Ç–ª–∏—á–Ω—ã–π —Å–ø–æ—Å–æ–± —Å–æ—Ö—Ä–∞–Ω–∏—Ç—å –∏ –ø—Ä–∏—É–º–Ω–æ–∂–∏—Ç—å —Å—Ä–µ–¥—Å—Ç–≤–∞ –±–ª–∞–≥–æ–¥–∞—Ä—è —Å—Ç–∞–≤–∫–µ 16,50% –≥–æ–¥–æ–≤—ã—Ö. –û—Ç–∫—Ä–æ–π—Ç–µ –¥–µ–ø–æ–∑–∏—Ç —É–∂–µ —Å–µ–π—á–∞—Å!"
112,–î–µ–ø–æ–∑–∏—Ç –°–±–µ—Ä–µ–≥–∞—Ç–µ–ª—å–Ω—ã–π,"–£–≤–∞–∂–∞–µ–º—ã–π –ê–π–¥—ã–Ω, —Å –¥–µ–ø–æ–∑–∏—Ç–æ–º –°–±–µ—Ä–µ–≥–∞—Ç–µ–ª—å–Ω—ã–º –≤—ã –º–æ–∂–µ—Ç–µ –ø–æ–ª—É—á–∞—Ç—å –¥–æ 66 000 ‚Ç∏ –≤ –º–µ—Å—è—Ü –ø—Ä–∏ —Å—Ç–∞–≤–∫–µ 16.50% –≥–æ–¥–æ–≤—ã—Ö. –≠—Ç–æ –æ—Ç–ª–∏—á–Ω–æ–µ —Ä–µ—à–µ–Ω–∏–µ –¥–ª—è –≤–∞—à–µ–≥–æ —Å–≤–æ–±–æ–¥–Ω–æ–≥–æ –æ—Å—Ç–∞—Ç–∫–∞. –û—Ç–∫—Ä–æ–π—Ç–µ –≤–∫–ª–∞–¥ –ø—Ä—è–º–æ —Å–µ–π—á–∞—Å!"
113,–î–µ–ø–æ–∑–∏—Ç –°–±–µ—Ä–µ–≥–∞—Ç–µ–ª—å–Ω—ã–π,"–£–≤–∞–∂–∞–µ–º—ã–π –ù—É—Ä—Å—É–ª—Ç–∞–Ω, –≤–∞—à —Å–≤–æ–±–æ–¥–Ω—ã–π –æ—Å—Ç–∞—Ç–æ–∫ —Å–æ—Å—Ç–∞–≤–ª—è–µ—Ç –ø—Ä–∏–º–µ—Ä–Ω–æ 8 468 000 ‚Ç∏, –∞ —Å—Ç–∞–≤–∫–∞ ‚Äî 16,50% –≥–æ–¥–æ–≤—ã—Ö. –≠—Ç–æ –º–æ–∂–µ—Ç –ø—Ä–∏–Ω–µ—Å—Ç–∏ –¥–æ 116 000 ‚Ç∏ –≤ –º–µ—Å—è—Ü. –û—Ç–∫—Ä–æ–π—Ç–µ —Å–±–µ—Ä–µ–≥–∞—Ç–µ–ª—å–Ω—ã–π –¥–µ–ø–æ–∑–∏—Ç –∏ –Ω–∞—á–Ω–∏—Ç–µ –∑–∞—Ä–∞–±–∞—Ç—ã–≤–∞—Ç—å —É–∂–µ —Å–µ–≥–æ–¥–Ω—è! üí∞"
114,–î–µ–ø–æ–∑–∏—Ç –°–±–µ—Ä–µ–≥–∞—Ç–µ–ª—å–Ω—ã–π,"–£–≤–∞–∂–∞–µ–º–∞—è –°–∞—è, —Å –≤–∞—à–∏–º —Å–≤–æ–±–æ–¥–Ω—ã–º –æ—Å—Ç–∞—Ç–∫–æ–º –æ–∫–æ–ª–æ 6 242 000 ‚Ç∏ –∏ —Å—Ç–∞–≤–∫–æ–π 16,50% –≥–æ–¥–æ–≤—ã—Ö, –≤–∞—à –≤–∫–ª–∞–¥ –º–æ–∂–µ—Ç –ø—Ä–∏–Ω–µ—Å—Ç–∏ –¥–æ 86 000 ‚Ç∏ –≤ –º–µ—Å—è—Ü. –†–∞—Å—Å–º–æ—Ç—Ä–∏—Ç–µ –≤–æ–∑–º–æ–∂–Ω–æ—Å—Ç—å –æ—Ç–∫—Ä—ã—Ç–∏—è —Å–±–µ—Ä–µ–≥–∞—Ç–µ–ª—å–Ω–æ–≥–æ –¥–µ–ø–æ–∑–∏—Ç–∞. üíº"
115,–î–µ–ø–æ–∑–∏—Ç –°–±–µ—Ä–µ–≥–∞—Ç–µ–ª—å–Ω—ã–π,"–£–≤–∞–∂–∞–µ–º–∞—è –ñ–∞–Ω–∞—Ä, –≤–∞—à –≤–∫–ª–∞–¥ –º–æ–∂–µ—Ç –ø—Ä–∏–Ω–µ—Å—Ç–∏ –¥–æ 46 000 ‚Ç∏ –≤ –º–µ—Å—è—Ü –±–ª–∞–≥–æ–¥–∞—Ä—è —Å—Ç–∞–≤–∫–µ 16,50% –≥–æ–¥–æ–≤—ã—Ö. –ù–∞—á–Ω–∏—Ç–µ –Ω–∞–∫–∞–ø–ª–∏–≤–∞—Ç—å —Å –Ω–∞–º–∏ –∏ –æ–±–µ—Å–ø–µ—á—å—Ç–µ —Å–µ–±–µ —Ñ–∏–Ω–∞–Ω—Å–æ–≤—É—é –ø–æ–¥—É—à–∫—É! üíº –û—Ç–∫—Ä–æ–π—Ç–µ –¥–µ–ø–æ–∑–∏—Ç —Å–µ–≥–æ–¥–Ω—è."
116,–ö—Ä–µ–¥–∏—Ç–Ω–∞—è –∫–∞—Ä—Ç–∞,"–£–≤–∞–∂–∞–µ–º—ã–π –ú–∞—Ä–∞–ª, –≤—ã —á–∞—Å—Ç–æ —Ç—Ä–∞—Ç–∏—Ç–µ –Ω–∞ –ü—É—Ç–µ—à–µ—Å—Ç–≤–∏—è, –û—Ç–µ–ª–∏ –∏ –ú–µ–¥–∏—Ü–∏–Ω–∞. –ü–æ–ª—É—á–∞–π—Ç–µ –¥–æ 46 000 ‚Ç∏ –∫–µ—à–±—ç–∫–∞ –≤ –º–µ—Å—è—Ü –∏ –≤–æ—Å–ø–æ–ª—å–∑—É–π—Ç–µ—Å—å —Ä–∞—Å—Å—Ä–æ—á–∫–æ–π –±–µ–∑ –ø–µ—Ä–µ–ø–ª–∞—Ç. –û—Ç–∫—Ä–æ–π—Ç–µ –∫—Ä–µ–¥–∏—Ç–Ω—É—é –∫–∞—Ä—Ç—É —É–∂–µ —Å–µ–≥–æ–¥–Ω—è! üåç"
117,–î–µ–ø–æ–∑–∏—Ç –°–±–µ—Ä–µ–≥–∞—Ç–µ–ª—å–Ω—ã–π,"–£–≤–∞–∂–∞–µ–º–∞—è –Æ–ª–∏—è, –≤–∞—à –¥–µ–ø–æ–∑–∏—Ç –ø—Ä–∏–Ω–æ—Å–∏—Ç –¥–æ 102 000 ‚Ç∏ –≤ –º–µ—Å—è—Ü –±–ª–∞–≥–æ–¥–∞—Ä—è —Å—Ç–∞–≤–∫–µ 16,50% –≥–æ–¥–æ–≤—ã—Ö. –°–æ–∑–¥–∞–π—Ç–µ —Ñ–∏–Ω–∞–Ω—Å–æ–≤—É—é –ø–æ–¥—É—à–∫—É –¥–ª—è –ø—É—Ç–µ—à–µ—Å—Ç–≤–∏–π –∏–ª–∏ —Ä–µ–º–æ–Ω—Ç–∞. –û—Ç–∫—Ä–æ–π—Ç–µ –≤–∫–ª–∞–¥ —É–∂–µ —Å–µ–≥–æ–¥–Ω—è! üåü –ü–æ–¥—Ä–æ–±–Ω–æ—Å—Ç–∏ –≤ –ø—Ä–∏–ª–æ–∂–µ–Ω–∏–∏."
118,–ö—Ä–µ–¥–∏—Ç–Ω–∞—è –∫–∞—Ä—Ç–∞,"–£–≤–∞–∂–∞–µ–º–∞—è –ú–∞—Ä–∂–∞–Ω, —Å –Ω–∞—à–µ–π –∫—Ä–µ–¥–∏—Ç–Ω–æ–π –∫–∞—Ä—Ç–æ–π –≤—ã –º–æ–∂–µ—Ç–µ –ø–æ–ª—É—á–∏—Ç—å –¥–æ 42 000 ‚Ç∏ –∫–µ—à–±—ç–∫–∞ –≤ –º–µ—Å—è—Ü –Ω–∞ –ø–æ–∫—É–ø–∫–∏ –≤ –∫–∞—Ç–µ–≥–æ—Ä–∏—è—Ö –û—Ç–µ–ª–∏, –ü—É—Ç–µ—à–µ—Å—Ç–≤–∏—è –∏ –ê–≤—Ç–æ. –û—Ñ–æ—Ä–º–∏—Ç–µ –∫–∞—Ä—Ç—É –∏ –Ω–∞—Å–ª–∞–∂–¥–∞–π—Ç–µ—Å—å –≤—ã–≥–æ–¥–æ–π! ‚úàÔ∏è"
119,–ö—Ä–µ–¥–∏—Ç–Ω–∞—è –∫–∞—Ä—Ç–∞,"–£–≤–∞–∂–∞–µ–º—ã–π –ú—É—Ä–∞—Ç, —Å –Ω–∞—à–µ–π –∫—Ä–µ–¥–∏—Ç–Ω–æ–π –∫–∞—Ä—Ç–æ–π –≤—ã —Å–º–æ–∂–µ—Ç–µ –≤–µ—Ä–Ω—É—Ç—å –¥–æ 51 000 ‚Ç∏ –µ–∂–µ–º–µ—Å—è—á–Ω–æ –Ω–∞ –ø—É—Ç–µ—à–µ—Å—Ç–≤–∏—è, –æ—Ç–µ–ª–∏ –∏ —Ü–≤–µ—Ç—ã. –ü–ª—é—Å –¥–æ—Å—Ç—É–ø–Ω–∞ —Ä–∞—Å—Å—Ä–æ—á–∫–∞ –±–µ–∑ –ø–µ—Ä–µ–ø–ª–∞—Ç. –û—Ç–∫—Ä–æ–π—Ç–µ –∫–∞—Ä—Ç—É –∏ –Ω–∞—á–Ω–∏—Ç–µ —ç–∫–æ–Ω–æ–º–∏—Ç—å! üåç"
120,–î–µ–ø–æ–∑–∏—Ç –°–±–µ—Ä–µ–≥–∞—Ç–µ–ª—å–Ω—ã–π,"–£–≤–∞–∂–∞–µ–º—ã–π –ë–µ–∫–∑–∞—Ç, –≤–∞—à —Å–≤–æ–±–æ–¥–Ω—ã–π –æ—Å—Ç–∞—Ç–æ–∫ —Å–æ—Å—Ç–∞–≤–ª—è–µ—Ç –æ–∫–æ–ª–æ 2 143 000 ‚Ç∏, –∞ —Å—Ç–∞–≤–∫–∞ –ø–æ –¥–µ–ø–æ–∑–∏—Ç—É ‚Äî 16,50% –≥–æ–¥–æ–≤—ã—Ö. –°–æ—Ö—Ä–∞–Ω—è–π—Ç–µ –¥–æ 29 000 ‚Ç∏ –µ–∂–µ–º–µ—Å—è—á–Ω–æ. –û—Ç–∫—Ä–æ–π—Ç–µ —Å–±–µ—Ä–µ–≥–∞—Ç–µ–ª—å–Ω—ã–π –≤–∫–ª–∞–¥ –∏ –ø—Ä–µ—É–º–Ω–æ–∂—å—Ç–µ —Å–≤–æ–∏ —Å–±–µ—Ä–µ–∂–µ–Ω–∏—è! üíº"
